\c leetcodedb;
CREATE TABLE IF NOT EXISTS Activity (
    user_id int,
    session_id int,
    activity_date date,
    activity_type VARCHAR
);
TRUNCATE TABLE Activity;
INSERT INTO Activity (user_id, session_id, activity_date, activity_type)
VALUES
    ('1', '1', '2019-07-20', 'open_session'),
    ('1', '1', '2019-07-20', 'scroll_down'),
    ('1', '1', '2019-07-20', 'end_session'),
    ('2', '4', '2019-07-20', 'open_session'),
    ('2', '4', '2019-07-21', 'send_message'),
    ('2', '4', '2019-07-21', 'end_session'),
    ('3', '2', '2019-07-21', 'open_session'),
    ('3', '2', '2019-07-21', 'send_message'),
    ('3', '2', '2019-07-21', 'end_session'),
    ('4', '3', '2019-06-25', 'open_session'),
    ('4', '3', '2019-06-25', 'end_session');

CREATE TABLE IF NOT EXISTS Products (
    product_id int,
    low_fats VARCHAR,
    recyclable VARCHAR
);
TRUNCATE TABLE Products;
INSERT INTO Products (product_id, low_fats, recyclable)
VALUES
    ('0', 'Y', 'N'),
    ('1', 'Y', 'Y'),
    ('2', 'N', 'Y'),
    ('3', 'Y', 'Y'),
    ('4', 'N', 'N');
CREATE TABLE IF NOT EXISTS Customer (
    id int,
    name VARCHAR,referee_id int
);
TRUNCATE TABLE Customer;
INSERT INTO Customer (id, name, referee_id) 
VALUES
    ('1', 'Will', NULL),
    ('2', 'Jane', NULL),
    ('3', 'Alex', '2'),
    ('4', 'Bill', NULL),
    ('5', 'Zack', '1'),
    ('6', 'Mark', '2');

CREATE TABLE IF NOT EXISTS Views (
    article_id int,
    author_id int,
    viewer_id int,
    view_date date
);
TRUNCATE TABLE Views;
INSERT INTO Views (article_id, author_id, viewer_id, view_date)
VALUES
    ('1', '3', '5', '2019-08-01'),
    ('1', '3', '6', '2019-08-02'),
    ('2', '7', '7', '2019-08-01'),
    ('2', '7', '6', '2019-08-02'),
    ('4', '7', '1', '2019-07-22'),
    ('3', '4', '4', '2019-07-21'),
    ('3', '4', '4', '2019-07-21');

CREATE TABLE IF NOT EXISTS Tweets (
    tweet_id int,
    content VARCHAR
);
TRUNCATE TABLE Tweets;
INSERT INTO Tweets (tweet_id, content)
VALUES
    ('1', 'Let us Code'),
    ('2', 'More than fifteen chars are here!');

CREATE TABLE IF NOT EXISTS Employees (
    id int,
    name VARCHAR
);
TRUNCATE TABLE Employees;
INSERT INTO Employees (id, name)
VALUES
    ('1', 'Alice'),
    ('7', 'Bob'),
    ('11', 'Meir'),
    ('90', 'Winston'),
    ('3', 'Jonathan');

CREATE TABLE IF NOT EXISTS EmployeeUNI (
    id int,
    unique_id int
);
TRUNCATE TABLE EmployeeUNI;
INSERT INTO EmployeeUNI (id, unique_id)
VALUES
    ('3', '1'),
    ('11', '2'),
    ('90', '3');

CREATE TABLE IF NOT EXISTS Sales (
    sale_id int,
    product_id int,
    year int,
    quantity int,
    price int
);
TRUNCATE TABLE Sales;
INSERT INTO Sales (sale_id, product_id, year, quantity, price)
VALUES
    ('1', '100', '2008', '10', '5000'),
    ('2', '100', '2009', '12', '5000'),
    ('7', '200', '2011', '15', '9000');

CREATE TABLE IF NOT EXISTS Product (
    product_id int,
    product_name VARCHAR
);
TRUNCATE TABLE Product;
INSERT INTO Product (product_id, product_name)
VALUES
    ('100', 'Nokia'),
    ('200', 'Apple'),
    ('300', 'Samsung');

CREATE TABLE IF NOT EXISTS Employee (
    id int,
    name VARCHAR,
    department VARCHAR,
    managerId int
);
TRUNCATE TABLE Employee;
INSERT INTO Employee (id, name, department, managerId)
VALUES
    ('101', 'John', 'A', NULL),
    ('102', 'Dan', 'A', '101'),
    ('103', 'James', 'A', '101'),
    ('104', 'Amy', 'A', '101'),
    ('105', 'Anne', 'A', '101'),
    ('106', 'Ron', 'B', '101'),
    ('111', 'John', 'A', NULL),
    ('102', 'Dan', 'A', '111'),
    ('103', 'James', 'A', '111'),
    ('104', 'Amy', 'A', '111'),
    ('105', 'Anne', 'A', '111'),
    ('106', 'Ron', 'B', '111');

CREATE TABLE IF NOT EXISTS Signups (
    user_id int,
    time_stamp timestamp
);
TRUNCATE TABLE Signups;
INSERT INTO Signups (user_id, time_stamp)
VALUES
    ('3', '2020-03-21 10:16:13'),
    ('7', '2020-01-04 13:57:59'),
    ('2', '2020-07-29 23:09:44'),
    ('6', '2020-12-09 10:39:37');

CREATE TABLE IF NOT EXISTS Confirmations (
    user_id int,
    time_stamp timestamp,
    action VARCHAR
);
TRUNCATE TABLE Confirmations;
INSERT INTO Confirmations (user_id, time_stamp, action)
VALUES
    ('3', '2021-01-06 03:30:46', 'timeout'),
    ('3', '2021-07-14 14:00:00', 'timeout'),
    ('7', '2021-06-12 11:57:29', 'confirmed'),
    ('7', '2021-06-13 12:58:28', 'confirmed'),
    ('7', '2021-06-14 13:59:27', 'confirmed'),
    ('2', '2021-01-22 00:00:00', 'confirmed'),
    ('2', '2021-02-28 23:59:59', 'timeout');

CREATE TABLE IF NOT EXISTS Transactions (
    id int,
    country VARCHAR,
    state VARCHAR,
    amount int,
    trans_date date
);
TRUNCATE TABLE Transactions;
INSERT INTO Transactions (id, country, state, amount, trans_date)
VALUES
    ('121', 'US', 'approved', '1000', '2018-12-18'),
    ('122', 'US', 'declined', '2000', '2018-12-19'),
    ('123', 'US', 'approved', '2000', '2019-01-01'),
    ('124', 'DE', 'approved', '2000', '2019-01-07');

CREATE TABLE IF NOT EXISTS Delivery (
    delivery_id int,
    customer_id int,
    order_date date,
    customer_pref_delivery_date date
);
TRUNCATE TABLE Delivery;
INSERT INTO Delivery (delivery_id, customer_id, order_date, customer_pref_delivery_date)
VALUES
    ('1', '1', '2019-08-01', '2019-08-02'),
    ('2', '2', '2019-08-02', '2019-08-02'),
    ('3', '1', '2019-08-11', '2019-08-12'),
    ('4', '3', '2019-08-24', '2019-08-24'),
    ('5', '3', '2019-08-21', '2019-08-22'),
    ('6', '2', '2019-08-11', '2019-08-13'),
    ('7', '4', '2019-08-09', '2019-08-09');

CREATE TABLE IF NOT EXISTS player_activity (
    player_id int,
    device_id int,
    event_date date,
    games_played int
);
TRUNCATE TABLE player_activity;
INSERT INTO player_activity (player_id, device_id, event_date, games_played)
VALUES 
    ('5', '17', '2019-01-17', '44'),
    ('31', '43', '2019-01-21', '41'),
    ('52', '89', '2019-03-09', '44'),
    ('14', '154', '2019-02-13', '87'),
    ('96', '46', '2019-03-22', '77'),
    ('73', '131', '2019-03-19', '70'),
    ('49', '106', '2019-02-13', '80'),
    ('12', '189', '2019-01-15', '13'),
    ('40', '151', '2019-01-19', '4'),
    ('63', '196', '2019-02-23', '74'),
    ('37', '86', '2019-01-22', '38'),
    ('60', '41', '2019-03-07', '46'),
    ('60', '162', '2019-01-12', '8'),
    ('9', '81', '2019-01-28', '88'),
    ('83', '48', '2019-02-15', '6'),
    ('97', '85', '2019-03-30', '0'),
    ('21', '87', '2019-01-18', '16'),
    ('77', '170', '2019-02-17', '41'),
    ('37', '192', '2019-03-04', '37'),
    ('76', '141', '2019-01-04', '3'),
    ('89', '48', '2019-02-26', '80'),
    ('48', '3', '2019-03-25', '70'),
    ('68', '165', '2019-02-07', '12'),
    ('63', '200', '2019-03-11', '73'),
    ('84', '126', '2019-02-04', '73'),
    ('57', '23', '2019-02-16', '16'),
    ('36', '19', '2019-02-27', '54'),
    ('73', '7', '2019-03-28', '54'),
    ('17', '172', '2019-03-14', '67'),
    ('46', '143', '2019-01-28', '43'),
    ('56', '79', '2019-01-08', '99'),
    ('31', '44', '2019-03-09', '78'),
    ('58', '48', '2019-03-08', '46'),
    ('87', '111', '2019-02-20', '17'),
    ('3', '10', '2019-02-20', '31'),
    ('44', '19', '2019-01-12', '37'),
    ('95', '89', '2019-03-07', '4'),
    ('7', '151', '2019-03-04', '66'),
    ('66', '16', '2019-03-01', '73'),
    ('37', '132', '2019-03-08', '52'),
    ('26', '116', '2019-02-24', '34'),
    ('7', '126', '2019-03-09', '64'),
    ('98', '170', '2019-03-05', '23'),
    ('91', '50', '2019-01-26', '32'),
    ('47', '160', '2019-02-12', '99'),
    ('52', '83', '2019-03-23', '35'),
    ('45', '106', '2019-01-28', '39'),
    ('34', '94', '2019-02-24', '60'),
    ('75', '110', '2019-03-13', '66'),
    ('77', '131', '2019-01-11', '12'),
    ('12', '68', '2019-03-22', '68'),
    ('40', '97', '2019-02-11', '62'),
    ('91', '86', '2019-03-09', '28'),
    ('8', '42', '2019-03-30', '99'),
    ('14', '161', '2019-03-28', '50'),
    ('77', '148', '2019-01-22', '15'),
    ('100', '87', '2019-01-13', '42'),
    ('86', '94', '2019-03-24', '58'),
    ('23', '26', '2019-02-04', '94'),
    ('80', '57', '2019-02-25', '96'),
    ('98', '48', '2019-02-18', '48'),
    ('87', '115', '2019-02-25', '91'),
    ('30', '6', '2019-02-07', '62'),
    ('52', '148', '2019-02-19', '73'),
    ('5', '178', '2019-03-04', '93'),
    ('69', '120', '2019-03-23', '79'),
    ('95', '76', '2019-03-26', '50'),
    ('22', '121', '2019-02-28', '25'),
    ('65', '96', '2019-01-31', '86'),
    ('93', '196', '2019-02-23', '76'),
    ('63', '12', '2019-02-25', '89'),
    ('28', '96', '2019-02-25', '91'),
    ('3', '6', '2019-02-17', '10'),
    ('25', '179', '2019-03-26', '34'),
    ('91', '17', '2019-03-30', '0'),
    ('1', '12', '2019-03-10', '39'),
    ('69', '7', '2019-03-12', '33'),
    ('10', '153', '2019-03-21', '49'),
    ('41', '98', '2019-02-06', '70'),
    ('6', '88', '2019-03-07', '23'),
    ('46', '81', '2019-03-10', '64'),
    ('17', '21', '2019-02-09', '70'),
    ('66', '151', '2019-03-07', '25'),
    ('27', '38', '2019-03-11', '80'),
    ('84', '91', '2019-03-19', '83'),
    ('18', '159', '2019-03-09', '72'),
    ('72', '188', '2019-02-17', '5'),
    ('24', '134', '2019-01-08', '23'),
    ('28', '190', '2019-01-04', '68'),
    ('71', '166', '2019-03-20', '13'),
    ('59', '156', '2019-03-03', '26'),
    ('88', '105', '2019-02-21', '5'),
    ('42', '55', '2019-01-01', '46'),
    ('55', '97', '2019-03-08', '76'),
    ('1', '3', '2019-01-03', '16'),
    ('28', '4', '2019-02-22', '50'),
    ('63', '148', '2019-01-01', '66'),
    ('62', '18', '2019-01-10', '56'),
    ('8', '160', '2019-02-07', '52'),
    ('13', '17', '2019-01-19', '49'),
    ('27', '91', '2019-01-15', '78'),
    ('22', '152', '2019-03-14', '33'),
    ('73', '56', '2019-02-16', '25'),
    ('80', '154', '2019-01-31', '29'),
    ('4', '12', '2019-01-04', '34'),
    ('7', '88', '2019-02-08', '8'),
    ('66', '42', '2019-01-02', '48'),
    ('99', '162', '2019-01-01', '88'),
    ('19', '117', '2019-02-28', '86'),
    ('54', '127', '2019-01-01', '11'),
    ('67', '102', '2019-01-19', '83'),
    ('69', '106', '2019-01-30', '16'),
    ('85', '129', '2019-02-02', '97'),
    ('62', '178', '2019-03-06', '39'),
    ('87', '38', '2019-01-11', '12'),
    ('66', '38', '2019-03-04', '46'),
    ('93', '175', '2019-02-12', '55'),
    ('68', '157', '2019-01-03', '98'),
    ('38', '157', '2019-02-21', '52'),
    ('65', '199', '2019-03-26', '72'),
    ('61', '167', '2019-03-01', '55'),
    ('20', '92', '2019-02-15', '30'),
    ('61', '45', '2019-02-17', '86'),
    ('77', '178', '2019-01-26', '52'),
    ('34', '61', '2019-03-16', '54'),
    ('7', '185', '2019-02-21', '86'),
    ('8', '91', '2019-03-03', '10'),
    ('32', '152', '2019-03-03', '46'),
    ('83', '5', '2019-02-10', '54'),
    ('49', '132', '2019-01-10', '57'),
    ('32', '56', '2019-03-23', '13'),
    ('48', '85', '2019-03-15', '26'),
    ('50', '23', '2019-01-11', '49'),
    ('63', '33', '2019-03-08', '29'),
    ('14', '115', '2019-02-12', '85'),
    ('7', '71', '2019-01-04', '45'),
    ('57', '126', '2019-02-17', '97'),
    ('3', '172', '2019-03-19', '30'),
    ('76', '147', '2019-03-26', '19'),
    ('82', '97', '2019-03-26', '78'),
    ('84', '51', '2019-02-06', '91'),
    ('66', '39', '2019-02-27', '7'),
    ('69', '168', '2019-02-16', '42'),
    ('29', '196', '2019-02-13', '7'),
    ('90', '11', '2019-02-07', '11'),
    ('66', '146', '2019-03-11', '44'),
    ('90', '125', '2019-01-03', '71'),
    ('25', '52', '2019-01-08', '71'),
    ('42', '156', '2019-02-28', '97'),
    ('19', '7', '2019-01-18', '85'),
    ('16', '135', '2019-03-08', '16'),
    ('83', '146', '2019-01-07', '47'),
    ('67', '46', '2019-03-14', '73'),
    ('100', '51', '2019-02-17', '29'),
    ('67', '112', '2019-01-11', '9'),
    ('25', '35', '2019-02-21', '89'),
    ('65', '54', '2019-03-30', '55'),
    ('31', '164', '2019-01-27', '1'),
    ('49', '75', '2019-03-22', '96'),
    ('60', '52', '2019-03-23', '59'),
    ('65', '16', '2019-03-12', '70'),
    ('40', '20', '2019-01-02', '76'),
    ('24', '93', '2019-01-20', '42'),
    ('59', '168', '2019-03-09', '83'),
    ('7', '174', '2019-01-18', '15'),
    ('85', '163', '2019-01-19', '44'),
    ('69', '126', '2019-01-06', '69'),
    ('72', '159', '2019-02-18', '84'),
    ('19', '37', '2019-03-10', '3'),
    ('8', '24', '2019-01-22', '92'),
    ('63', '111', '2019-03-09', '0'),
    ('69', '86', '2019-02-21', '72'),
    ('87', '100', '2019-03-03', '31'),
    ('29', '12', '2019-01-07', '70'),
    ('88', '111', '2019-03-04', '84'),
    ('100', '180', '2019-03-24', '55'),
    ('57', '197', '2019-02-14', '60'),
    ('57', '14', '2019-02-09', '79'),
    ('59', '60', '2019-02-10', '49'),
    ('40', '179', '2019-03-09', '17'),
    ('68', '198', '2019-03-24', '67'),
    ('98', '23', '2019-01-17', '75'),
    ('18', '90', '2019-03-16', '9'),
    ('57', '19', '2019-03-20', '13'),
    ('25', '154', '2019-03-03', '57'),
    ('34', '20', '2019-03-14', '1'),
    ('41', '78', '2019-03-03', '78'),
    ('27', '80', '2019-02-27', '96'),
    ('58', '77', '2019-02-22', '18'),
    ('89', '104', '2019-02-03', '97'),
    ('18', '84', '2019-01-30', '3'),
    ('33', '71', '2019-01-24', '43'),
    ('28', '193', '2019-03-30', '95'),
    ('83', '118', '2019-02-04', '19'),
    ('94', '101', '2019-01-01', '80'),
    ('35', '128', '2019-01-01', '72'),
    ('74', '190', '2019-02-12', '74'),
    ('56', '125', '2019-03-19', '33'),
    ('90', '18', '2019-01-22', '29'),
    ('69', '146', '2019-02-22', '20'),
    ('3', '4', '2019-02-10', '29'),
    ('76', '70', '2019-02-06', '40'),
    ('16', '87', '2019-01-01', '32'),
    ('22', '91', '2019-01-12', '73'),
    ('27', '16', '2019-03-15', '3'),
    ('27', '167', '2019-02-23', '42'),
    ('95', '91', '2019-03-01', '82'),
    ('8', '19', '2019-03-29', '31'),
    ('95', '111', '2019-01-07', '63'),
    ('49', '140', '2019-02-18', '29'),
    ('6', '38', '2019-01-19', '48'),
    ('4', '26', '2019-03-01', '51'),
    ('53', '193', '2019-01-19', '31'),
    ('91', '103', '2019-01-18', '60'),
    ('95', '37', '2019-03-18', '41'),
    ('43', '157', '2019-01-10', '45'),
    ('67', '63', '2019-01-30', '74'),
    ('10', '99', '2019-03-02', '64'),
    ('53', '91', '2019-03-27', '31'),
    ('30', '28', '2019-01-27', '2'),
    ('18', '152', '2019-03-26', '87'),
    ('86', '1', '2019-02-15', '37'),
    ('60', '76', '2019-03-25', '35'),
    ('85', '7', '2019-01-16', '74'),
    ('98', '49', '2019-01-29', '61'),
    ('13', '67', '2019-02-06', '8'),
    ('47', '50', '2019-01-17', '54'),
    ('72', '148', '2019-01-28', '78'),
    ('72', '134', '2019-01-03', '92'),
    ('40', '168', '2019-03-29', '46'),
    ('32', '184', '2019-01-13', '10'),
    ('56', '129', '2019-02-19', '97'),
    ('33', '11', '2019-02-20', '18'),
    ('79', '95', '2019-03-23', '20'),
    ('92', '186', '2019-02-19', '9'),
    ('77', '63', '2019-03-01', '72'),
    ('42', '164', '2019-03-19', '82'),
    ('2', '74', '2019-02-27', '47'),
    ('55', '198', '2019-03-09', '7'),
    ('49', '167', '2019-03-01', '41'),
    ('18', '135', '2019-01-20', '76'),
    ('30', '86', '2019-01-22', '64'),
    ('94', '188', '2019-01-25', '63'),
    ('73', '11', '2019-02-17', '69'),
    ('38', '179', '2019-03-15', '83'),
    ('70', '147', '2019-01-21', '95'),
    ('20', '43', '2019-01-06', '0'),
    ('24', '35', '2019-03-05', '81'),
    ('96', '34', '2019-03-11', '19'),
    ('95', '198', '2019-01-21', '96'),
    ('89', '81', '2019-01-31', '7'),
    ('100', '46', '2019-02-03', '38'),
    ('75', '45', '2019-02-14', '18'),
    ('30', '170', '2019-02-11', '43'),
    ('45', '61', '2019-02-12', '49'),
    ('97', '181', '2019-03-18', '52'),
    ('21', '138', '2019-02-19', '76'),
    ('14', '45', '2019-01-11', '39'),
    ('26', '120', '2019-03-08', '8'),
    ('50', '48', '2019-03-13', '11'),
    ('94', '131', '2019-02-13', '28'),
    ('93', '115', '2019-01-07', '5'),
    ('41', '144', '2019-02-26', '19'),
    ('18', '146', '2019-02-26', '45'),
    ('33', '133', '2019-03-10', '21'),
    ('47', '200', '2019-01-26', '54'),
    ('62', '105', '2019-03-23', '78'),
    ('91', '56', '2019-01-24', '35'),
    ('16', '16', '2019-01-24', '79'),
    ('46', '114', '2019-02-17', '70'),
    ('49', '197', '2019-03-27', '72'),
    ('18', '77', '2019-03-30', '95'),
    ('14', '124', '2019-02-10', '53'),
    ('58', '160', '2019-01-18', '85'),
    ('84', '194', '2019-01-30', '32'),
    ('93', '118', '2019-02-25', '61'),
    ('79', '187', '2019-03-06', '61'),
    ('37', '84', '2019-03-07', '91'),
    ('83', '35', '2019-01-28', '74'),
    ('66', '121', '2019-02-23', '73'),
    ('32', '99', '2019-01-28', '33'),
    ('39', '131', '2019-01-04', '74'),
    ('77', '45', '2019-01-07', '89'),
    ('36', '74', '2019-01-06', '64'),
    ('68', '161', '2019-02-03', '46'),
    ('13', '8', '2019-02-17', '72'),
    ('33', '183', '2019-01-20', '24'),
    ('43', '181', '2019-02-03', '83'),
    ('78', '100', '2019-01-04', '26'),
    ('21', '158', '2019-01-27', '14'),
    ('6', '120', '2019-01-27', '95'),
    ('50', '27', '2019-01-29', '1'),
    ('15', '162', '2019-01-07', '71'),
    ('41', '24', '2019-01-15', '80'),
    ('64', '195', '2019-02-19', '73'),
    ('69', '135', '2019-01-20', '18'),
    ('77', '105', '2019-01-13', '42'),
    ('71', '125', '2019-03-16', '42'),
    ('34', '134', '2019-03-28', '87'),
    ('37', '57', '2019-01-17', '45'),
    ('29', '1', '2019-02-14', '93'),
    ('45', '187', '2019-03-13', '59'),
    ('70', '176', '2019-01-01', '38'),
    ('52', '90', '2019-02-14', '30'),
    ('55', '139', '2019-01-11', '75'),
    ('8', '30', '2019-03-23', '37'),
    ('54', '140', '2019-02-17', '45'),
    ('10', '55', '2019-02-12', '75'),
    ('11', '46', '2019-03-25', '60'),
    ('13', '81', '2019-01-21', '70'),
    ('39', '174', '2019-01-08', '25'),
    ('34', '148', '2019-02-02', '48'),
    ('71', '128', '2019-01-28', '100'),
    ('19', '120', '2019-03-09', '54'),
    ('1', '41', '2019-01-06', '83'),
    ('48', '144', '2019-01-31', '23'),
    ('18', '49', '2019-01-11', '54'),
    ('56', '49', '2019-02-20', '61'),
    ('35', '78', '2019-02-07', '78'),
    ('38', '30', '2019-02-14', '57'),
    ('27', '40', '2019-02-03', '50'),
    ('5', '156', '2019-03-02', '76'),
    ('30', '188', '2019-01-04', '86'),
    ('87', '131', '2019-02-15', '20'),
    ('22', '182', '2019-02-14', '90'),
    ('19', '15', '2019-03-30', '26'),
    ('98', '147', '2019-02-13', '89'),
    ('78', '84', '2019-02-16', '79'),
    ('79', '88', '2019-01-11', '69'),
    ('21', '41', '2019-01-15', '39'),
    ('57', '51', '2019-03-11', '97'),
    ('28', '10', '2019-03-09', '58'),
    ('32', '23', '2019-02-21', '91'),
    ('94', '170', '2019-03-22', '68'),
    ('23', '25', '2019-01-07', '7'),
    ('8', '58', '2019-02-28', '92'),
    ('44', '180', '2019-02-18', '35'),
    ('53', '53', '2019-03-30', '15'),
    ('68', '107', '2019-03-02', '82'),
    ('97', '123', '2019-03-08', '53'),
    ('40', '38', '2019-01-05', '60'),
    ('45', '106', '2019-01-04', '13'),
    ('40', '29', '2019-03-04', '20'),
    ('31', '130', '2019-02-07', '1'),
    ('100', '87', '2019-02-12', '24'),
    ('80', '105', '2019-03-05', '62'),
    ('47', '138', '2019-03-09', '30'),
    ('4', '28', '2019-03-17', '27'),
    ('88', '42', '2019-02-17', '61'),
    ('32', '15', '2019-01-23', '21'),
    ('88', '18', '2019-01-01', '63'),
    ('8', '98', '2019-03-18', '16'),
    ('24', '155', '2019-02-27', '65'),
    ('46', '6', '2019-02-08', '8'),
    ('69', '77', '2019-01-25', '81'),
    ('34', '18', '2019-02-27', '11'),
    ('68', '73', '2019-01-09', '88'),
    ('76', '13', '2019-01-21', '73'),
    ('73', '144', '2019-03-26', '7'),
    ('84', '101', '2019-01-12', '98'),
    ('84', '200', '2019-03-23', '44'),
    ('89', '27', '2019-02-08', '37'),
    ('100', '15', '2019-02-11', '71'),
    ('99', '122', '2019-03-22', '53'),
    ('43', '44', '2019-02-12', '50'),
    ('58', '94', '2019-03-09', '6'),
    ('68', '65', '2019-01-18', '100'),
    ('7', '34', '2019-01-30', '84'),
    ('90', '40', '2019-02-06', '59'),
    ('31', '54', '2019-02-13', '60'),
    ('5', '8', '2019-02-08', '74'),
    ('91', '36', '2019-01-09', '66'),
    ('86', '62', '2019-01-10', '19'),
    ('42', '150', '2019-01-25', '40'),
    ('44', '161', '2019-03-12', '77'),
    ('8', '179', '2019-01-26', '28'),
    ('13', '27', '2019-02-22', '98'),
    ('87', '120', '2019-01-04', '15'),
    ('21', '34', '2019-02-24', '20'),
    ('53', '109', '2019-03-15', '89'),
    ('54', '41', '2019-03-22', '90'),
    ('8', '175', '2019-03-22', '6'),
    ('94', '193', '2019-01-30', '32'),
    ('40', '81', '2019-01-12', '17'),
    ('64', '34', '2019-02-01', '100'),
    ('68', '3', '2019-03-21', '32'),
    ('19', '72', '2019-01-28', '65'),
    ('94', '5', '2019-01-24', '59'),
    ('74', '14', '2019-03-03', '9'),
    ('69', '18', '2019-01-16', '54'),
    ('54', '191', '2019-03-03', '11'),
    ('20', '14', '2019-03-05', '68'),
    ('62', '2', '2019-03-09', '80'),
    ('70', '25', '2019-03-08', '34'),
    ('44', '46', '2019-03-29', '97'),
    ('28', '67', '2019-02-01', '55'),
    ('39', '183', '2019-02-24', '91'),
    ('92', '53', '2019-01-28', '86'),
    ('60', '9', '2019-01-13', '56'),
    ('90', '140', '2019-01-20', '80'),
    ('89', '44', '2019-03-13', '92'),
    ('30', '137', '2019-03-25', '55'),
    ('27', '138', '2019-01-03', '62'),
    ('84', '18', '2019-03-03', '28'),
    ('17', '63', '2019-03-05', '2'),
    ('54', '187', '2019-01-07', '3'),
    ('27', '50', '2019-03-12', '75'),
    ('69', '122', '2019-02-08', '40'),
    ('64', '24', '2019-03-28', '30'),
    ('25', '194', '2019-01-14', '63'),
    ('28', '90', '2019-01-29', '4'),
    ('86', '49', '2019-03-07', '66'),
    ('76', '197', '2019-03-02', '18'),
    ('64', '48', '2019-01-02', '74'),
    ('12', '174', '2019-01-14', '32'),
    ('48', '154', '2019-01-08', '76'),
    ('72', '15', '2019-01-01', '29'),
    ('59', '62', '2019-03-11', '89'),
    ('8', '179', '2019-01-23', '12'),
    ('9', '86', '2019-02-24', '48'),
    ('88', '191', '2019-01-17', '42'),
    ('52', '103', '2019-01-25', '37'),
    ('2', '36', '2019-01-08', '80'),
    ('100', '114', '2019-03-03', '16'),
    ('51', '108', '2019-01-11', '17'),
    ('19', '174', '2019-02-25', '44'),
    ('5', '36', '2019-03-20', '67'),
    ('70', '101', '2019-02-05', '28'),
    ('73', '2', '2019-01-21', '83'),
    ('3', '80', '2019-03-20', '12'),
    ('80', '123', '2019-02-02', '0'),
    ('61', '103', '2019-02-01', '81'),
    ('23', '156', '2019-02-08', '79'),
    ('21', '154', '2019-03-29', '58'),
    ('95', '36', '2019-02-04', '80'),
    ('90', '148', '2019-02-26', '97'),
    ('96', '49', '2019-01-03', '11'),
    ('99', '76', '2019-01-27', '78'),
    ('1', '80', '2019-01-28', '15'),
    ('46', '152', '2019-01-27', '87'),
    ('71', '118', '2019-01-03', '23'),
    ('94', '92', '2019-03-04', '16'),
    ('60', '12', '2019-02-21', '12'),
    ('91', '153', '2019-02-26', '15'),
    ('96', '5', '2019-02-03', '18'),
    ('26', '151', '2019-03-14', '95'),
    ('51', '197', '2019-01-04', '43'),
    ('34', '123', '2019-01-08', '0'),
    ('77', '152', '2019-02-14', '58'),
    ('70', '115', '2019-01-30', '98'),
    ('9', '122', '2019-01-05', '10'),
    ('81', '184', '2019-02-11', '83'),
    ('72', '38', '2019-03-07', '6'),
    ('80', '141', '2019-03-07', '76'),
    ('55', '64', '2019-03-25', '91'),
    ('22', '132', '2019-02-09', '50'),
    ('64', '53', '2019-02-28', '2'),
    ('29', '97', '2019-02-03', '73'),
    ('17', '57', '2019-03-08', '52'),
    ('32', '165', '2019-01-26', '26'),
    ('82', '50', '2019-01-16', '1'),
    ('91', '45', '2019-03-11', '68'),
    ('40', '99', '2019-01-13', '98'),
    ('90', '96', '2019-01-24', '60'),
    ('55', '21', '2019-01-30', '10'),
    ('89', '80', '2019-01-18', '43'),
    ('18', '57', '2019-01-16', '76'),
    ('43', '118', '2019-03-02', '86'),
    ('4', '49', '2019-01-05', '68'),
    ('19', '168', '2019-01-21', '11'),
    ('82', '150', '2019-02-26', '10'),
    ('72', '180', '2019-01-24', '66'),
    ('63', '194', '2019-02-22', '37'),
    ('24', '43', '2019-02-13', '11'),
    ('49', '38', '2019-02-06', '83'),
    ('93', '114', '2019-02-05', '55'),
    ('80', '178', '2019-01-11', '72'),
    ('31', '53', '2019-02-02', '49'),
    ('48', '71', '2019-01-17', '9'),
    ('21', '157', '2019-01-10', '1'),
    ('48', '176', '2019-01-09', '16'),
    ('5', '8', '2019-01-12', '18'),
    ('86', '14', '2019-02-20', '73'),
    ('25', '56', '2019-01-12', '93'),
    ('71', '12', '2019-02-27', '16'),
    ('64', '71', '2019-03-23', '72'),
    ('95', '65', '2019-03-24', '57'),
    ('56', '45', '2019-02-03', '73'),
    ('55', '56', '2019-01-08', '5'),
    ('79', '195', '2019-01-31', '91'),
    ('27', '4', '2019-02-17', '38'),
    ('23', '170', '2019-02-25', '0'),
    ('75', '90', '2019-03-24', '99'),
    ('4', '167', '2019-03-02', '90'),
    ('60', '180', '2019-02-18', '38'),
    ('23', '35', '2019-03-16', '70'),
    ('68', '39', '2019-03-05', '42'),
    ('98', '132', '2019-02-21', '16'),
    ('21', '185', '2019-02-16', '81'),
    ('71', '123', '2019-02-23', '61'),
    ('14', '76', '2019-01-14', '43'),
    ('53', '18', '2019-01-16', '61'),
    ('26', '198', '2019-01-19', '78'),
    ('96', '133', '2019-01-08', '76'),
    ('7', '19', '2019-02-20', '88'),
    ('21', '183', '2019-03-28', '93'),
    ('70', '96', '2019-01-17', '2'),
    ('81', '46', '2019-03-11', '51'),
    ('58', '133', '2019-02-27', '72'),
    ('69', '27', '2019-01-27', '40'),
    ('38', '149', '2019-03-12', '20'),
    ('3', '69', '2019-01-21', '32'),
    ('73', '144', '2019-01-29', '18'),
    ('48', '8', '2019-01-30', '28'),
    ('61', '193', '2019-03-16', '81'),
    ('64', '54', '2019-02-05', '84'),
    ('12', '193', '2019-02-11', '35'),
    ('29', '113', '2019-02-24', '40'),
    ('97', '173', '2019-03-19', '72'),
    ('41', '86', '2019-03-06', '12'),
    ('77', '186', '2019-03-18', '50'),
    ('10', '145', '2019-03-27', '89'),
    ('71', '120', '2019-03-03', '30'),
    ('6', '117', '2019-03-16', '60'),
    ('6', '65', '2019-03-30', '7'),
    ('33', '172', '2019-01-23', '22'),
    ('67', '168', '2019-01-07', '8'),
    ('86', '96', '2019-01-31', '38'),
    ('42', '48', '2019-02-07', '51'),
    ('37', '104', '2019-03-24', '68'),
    ('70', '90', '2019-01-25', '75'),
    ('37', '141', '2019-03-26', '92'),
    ('87', '146', '2019-01-22', '0'),
    ('73', '193', '2019-01-07', '74'),
    ('58', '195', '2019-02-15', '0'),
    ('38', '122', '2019-01-27', '17'),
    ('77', '139', '2019-02-07', '5'),
    ('80', '33', '2019-01-20', '76'),
    ('92', '63', '2019-03-30', '62'),
    ('79', '148', '2019-03-30', '79'),
    ('25', '114', '2019-03-30', '3'),
    ('20', '168', '2019-01-27', '51'),
    ('54', '64', '2019-03-10', '41'),
    ('76', '47', '2019-03-30', '8'),
    ('34', '179', '2019-02-10', '71'),
    ('2', '172', '2019-02-17', '92'),
    ('66', '116', '2019-02-22', '82'),
    ('40', '163', '2019-02-15', '54'),
    ('1', '50', '2019-01-27', '6'),
    ('79', '80', '2019-01-26', '49'),
    ('22', '72', '2019-02-19', '74'),
    ('97', '120', '2019-03-17', '76'),
    ('55', '151', '2019-01-05', '76'),
    ('91', '5', '2019-02-11', '91'),
    ('68', '148', '2019-01-05', '26'),
    ('23', '28', '2019-01-28', '6'),
    ('20', '101', '2019-02-09', '81'),
    ('95', '144', '2019-01-27', '10'),
    ('42', '168', '2019-03-02', '63'),
    ('67', '4', '2019-01-08', '32'),
    ('63', '26', '2019-03-18', '79'),
    ('8', '109', '2019-01-28', '41'),
    ('31', '79', '2019-01-13', '99'),
    ('13', '4', '2019-02-20', '17'),
    ('92', '168', '2019-03-04', '57'),
    ('85', '32', '2019-03-30', '92'),
    ('65', '5', '2019-02-08', '5'),
    ('68', '84', '2019-03-19', '49'),
    ('95', '86', '2019-01-11', '89'),
    ('13', '121', '2019-01-20', '75'),
    ('29', '49', '2019-03-22', '12'),
    ('3', '45', '2019-02-02', '24'),
    ('86', '135', '2019-01-11', '48'),
    ('25', '198', '2019-02-20', '34'),
    ('70', '7', '2019-01-15', '16'),
    ('1', '5', '2019-03-14', '68'),
    ('60', '196', '2019-03-02', '20'),
    ('6', '141', '2019-01-26', '66'),
    ('55', '148', '2019-01-10', '77'),
    ('1', '120', '2019-01-01', '40'),
    ('96', '38', '2019-03-19', '42'),
    ('97', '155', '2019-01-25', '40'),
    ('6', '167', '2019-02-04', '97'),
    ('28', '192', '2019-02-08', '31'),
    ('17', '184', '2019-01-22', '44'),
    ('92', '147', '2019-03-14', '32'),
    ('71', '193', '2019-01-01', '19'),
    ('74', '25', '2019-02-16', '66'),
    ('52', '38', '2019-03-01', '31'),
    ('81', '97', '2019-01-23', '12'),
    ('28', '118', '2019-02-04', '41'),
    ('20', '96', '2019-02-03', '20'),
    ('45', '16', '2019-03-01', '47'),
    ('85', '9', '2019-03-11', '64'),
    ('3', '75', '2019-02-13', '60'),
    ('62', '126', '2019-02-24', '68'),
    ('93', '67', '2019-03-30', '13'),
    ('77', '18', '2019-03-20', '5'),
    ('65', '187', '2019-02-05', '76'),
    ('53', '91', '2019-03-16', '8'),
    ('65', '65', '2019-01-16', '96'),
    ('68', '114', '2019-03-23', '31'),
    ('36', '46', '2019-02-22', '18'),
    ('32', '89', '2019-02-19', '94'),
    ('14', '165', '2019-02-07', '55'),
    ('15', '17', '2019-01-26', '19'),
    ('12', '125', '2019-02-13', '10'),
    ('19', '82', '2019-01-17', '67'),
    ('57', '10', '2019-01-17', '21'),
    ('8', '125', '2019-01-15', '73'),
    ('1', '164', '2019-02-16', '18'),
    ('57', '172', '2019-03-17', '49'),
    ('75', '1', '2019-03-03', '99'),
    ('35', '185', '2019-03-15', '41'),
    ('94', '119', '2019-03-03', '48'),
    ('13', '4', '2019-03-14', '13'),
    ('64', '71', '2019-03-08', '8'),
    ('63', '76', '2019-02-08', '44'),
    ('42', '153', '2019-03-12', '71'),
    ('6', '112', '2019-01-14', '1'),
    ('54', '161', '2019-03-26', '46'),
    ('53', '48', '2019-01-21', '77'),
    ('98', '35', '2019-01-06', '50'),
    ('10', '99', '2019-01-20', '38'),
    ('22', '32', '2019-01-08', '34'),
    ('36', '174', '2019-03-27', '1'),
    ('24', '65', '2019-03-26', '40'),
    ('18', '144', '2019-03-11', '50'),
    ('4', '34', '2019-03-24', '56'),
    ('64', '163', '2019-03-25', '86'),
    ('68', '193', '2019-02-24', '60'),
    ('45', '74', '2019-02-09', '4'),
    ('39', '143', '2019-03-17', '48'),
    ('51', '199', '2019-02-12', '60'),
    ('34', '66', '2019-02-07', '1'),
    ('86', '188', '2019-03-16', '54'),
    ('82', '120', '2019-03-20', '81'),
    ('71', '3', '2019-03-02', '89'),
    ('10', '80', '2019-03-18', '26'),
    ('25', '34', '2019-02-07', '74'),
    ('45', '130', '2019-02-23', '17'),
    ('92', '136', '2019-01-10', '95'),
    ('30', '165', '2019-03-18', '14'),
    ('93', '11', '2019-01-02', '32'),
    ('55', '45', '2019-02-17', '77'),
    ('23', '185', '2019-01-23', '30'),
    ('17', '80', '2019-01-12', '29'),
    ('16', '3', '2019-02-13', '3'),
    ('69', '68', '2019-03-11', '67'),
    ('37', '16', '2019-03-25', '61'),
    ('98', '140', '2019-01-27', '87'),
    ('90', '186', '2019-02-02', '31'),
    ('29', '41', '2019-02-28', '28'),
    ('93', '125', '2019-02-01', '96'),
    ('87', '136', '2019-02-01', '61'),
    ('60', '194', '2019-02-04', '68'),
    ('21', '194', '2019-03-20', '68'),
    ('94', '181', '2019-02-07', '15'),
    ('19', '108', '2019-03-20', '36'),
    ('35', '139', '2019-03-28', '60'),
    ('87', '171', '2019-03-18', '75'),
    ('66', '164', '2019-02-21', '10'),
    ('52', '107', '2019-02-08', '79'),
    ('79', '101', '2019-03-04', '5'),
    ('5', '72', '2019-03-03', '92'),
    ('96', '7', '2019-02-26', '70'),
    ('23', '112', '2019-01-27', '60'),
    ('33', '37', '2019-03-17', '69'),
    ('81', '56', '2019-03-13', '0'),
    ('91', '171', '2019-01-19', '1'),
    ('91', '64', '2019-02-12', '58'),
    ('95', '194', '2019-01-02', '86'),
    ('17', '188', '2019-02-03', '36'),
    ('48', '57', '2019-02-26', '25'),
    ('93', '165', '2019-01-16', '8'),
    ('92', '3', '2019-01-16', '5'),
    ('27', '56', '2019-03-06', '4'),
    ('36', '10', '2019-03-29', '31'),
    ('88', '83', '2019-01-10', '41'),
    ('32', '78', '2019-02-02', '84'),
    ('2', '8', '2019-02-19', '9'),
    ('50', '67', '2019-03-29', '72'),
    ('84', '7', '2019-02-10', '62'),
    ('96', '78', '2019-02-27', '93'),
    ('12', '171', '2019-02-07', '7'),
    ('57', '156', '2019-02-19', '37'),
    ('11', '113', '2019-01-13', '90'),
    ('7', '10', '2019-03-26', '30'),
    ('1', '15', '2019-01-13', '68'),
    ('43', '156', '2019-03-13', '27'),
    ('71', '103', '2019-01-05', '42'),
    ('89', '37', '2019-02-01', '84'),
    ('73', '23', '2019-03-23', '93'),
    ('54', '57', '2019-01-19', '13'),
    ('11', '13', '2019-03-05', '6'),
    ('81', '62', '2019-01-16', '62'),
    ('86', '20', '2019-02-23', '32'),
    ('99', '43', '2019-01-25', '39'),
    ('82', '176', '2019-03-25', '24'),
    ('40', '17', '2019-02-02', '57'),
    ('35', '153', '2019-03-24', '14'),
    ('38', '174', '2019-02-07', '13'),
    ('91', '95', '2019-02-20', '15'),
    ('99', '187', '2019-01-18', '99'),
    ('28', '93', '2019-01-03', '25'),
    ('83', '46', '2019-01-12', '50'),
    ('78', '86', '2019-02-18', '80'),
    ('83', '27', '2019-01-02', '88'),
    ('59', '80', '2019-01-18', '16'),
    ('66', '114', '2019-02-04', '31'),
    ('53', '79', '2019-02-12', '9'),
    ('44', '27', '2019-01-27', '44'),
    ('25', '105', '2019-01-20', '0'),
    ('20', '159', '2019-01-23', '40'),
    ('89', '1', '2019-02-23', '30'),
    ('37', '104', '2019-03-06', '92'),
    ('97', '145', '2019-03-25', '57'),
    ('42', '117', '2019-02-16', '63'),
    ('33', '180', '2019-02-04', '9'),
    ('16', '106', '2019-02-18', '73'),
    ('89', '117', '2019-02-27', '32'),
    ('28', '101', '2019-01-05', '88'),
    ('98', '120', '2019-02-27', '67'),
    ('73', '182', '2019-01-03', '17'),
    ('32', '98', '2019-01-18', '90'),
    ('49', '87', '2019-02-22', '8'),
    ('93', '95', '2019-01-28', '22'),
    ('70', '123', '2019-03-27', '5'),
    ('68', '4', '2019-01-10', '58'),
    ('38', '64', '2019-02-20', '74'),
    ('32', '115', '2019-03-26', '58'),
    ('65', '78', '2019-02-26', '74'),
    ('70', '131', '2019-03-17', '7'),
    ('22', '112', '2019-01-28', '91'),
    ('38', '144', '2019-02-25', '0'),
    ('9', '127', '2019-01-04', '55'),
    ('80', '2', '2019-02-28', '1'),
    ('2', '85', '2019-03-01', '90'),
    ('66', '182', '2019-03-26', '74'),
    ('41', '190', '2019-02-04', '45'),
    ('35', '83', '2019-03-25', '60'),
    ('100', '179', '2019-03-10', '32'),
    ('65', '83', '2019-03-28', '84'),
    ('28', '157', '2019-02-06', '64'),
    ('26', '105', '2019-02-21', '0'),
    ('94', '37', '2019-01-15', '81'),
    ('74', '25', '2019-01-23', '61'),
    ('55', '88', '2019-01-07', '77'),
    ('2', '80', '2019-02-22', '42'),
    ('78', '73', '2019-03-01', '62'),
    ('99', '78', '2019-03-02', '7'),
    ('19', '137', '2019-03-25', '73'),
    ('4', '97', '2019-01-19', '58'),
    ('80', '189', '2019-03-22', '77'),
    ('80', '195', '2019-02-10', '53'),
    ('25', '69', '2019-03-18', '52'),
    ('58', '124', '2019-01-11', '49'),
    ('23', '64', '2019-03-26', '55'),
    ('80', '79', '2019-01-26', '92'),
    ('68', '151', '2019-01-20', '98'),
    ('7', '4', '2019-02-11', '47'),
    ('42', '39', '2019-03-08', '84'),
    ('6', '12', '2019-02-26', '92'),
    ('99', '64', '2019-01-13', '76'),
    ('22', '54', '2019-02-11', '10'),
    ('92', '178', '2019-01-23', '97'),
    ('59', '86', '2019-01-17', '14'),
    ('7', '142', '2019-01-26', '8'),
    ('45', '146', '2019-02-22', '78'),
    ('19', '90', '2019-03-26', '59'),
    ('8', '118', '2019-01-21', '36'),
    ('16', '157', '2019-01-20', '33'),
    ('40', '67', '2019-03-11', '63'),
    ('71', '105', '2019-02-03', '75'),
    ('29', '189', '2019-01-14', '91'),
    ('12', '38', '2019-01-12', '27'),
    ('20', '67', '2019-01-22', '43'),
    ('54', '91', '2019-03-25', '63'),
    ('75', '142', '2019-03-07', '82'),
    ('39', '159', '2019-03-11', '18'),
    ('8', '11', '2019-01-17', '34'),
    ('30', '186', '2019-02-10', '20'),
    ('59', '195', '2019-02-14', '5'),
    ('74', '124', '2019-01-16', '13'),
    ('78', '8', '2019-01-08', '85'),
    ('86', '25', '2019-03-04', '37'),
    ('47', '106', '2019-03-23', '98'),
    ('99', '147', '2019-02-21', '36'),
    ('72', '72', '2019-01-19', '63'),
    ('69', '6', '2019-02-13', '41'),
    ('64', '164', '2019-01-11', '98'),
    ('94', '175', '2019-03-21', '88'),
    ('17', '134', '2019-03-30', '18'),
    ('46', '173', '2019-01-18', '73'),
    ('69', '142', '2019-02-26', '24'),
    ('44', '138', '2019-02-24', '31'),
    ('49', '150', '2019-02-01', '46'),
    ('40', '97', '2019-03-24', '85'),
    ('98', '73', '2019-02-14', '33'),
    ('2', '51', '2019-03-20', '24'),
    ('45', '101', '2019-02-14', '98'),
    ('40', '187', '2019-01-22', '85'),
    ('25', '176', '2019-02-11', '37'),
    ('94', '74', '2019-02-01', '57'),
    ('96', '129', '2019-03-13', '0'),
    ('77', '163', '2019-02-20', '100'),
    ('43', '9', '2019-01-26', '95'),
    ('68', '148', '2019-02-13', '4'),
    ('26', '59', '2019-01-12', '15'),
    ('41', '75', '2019-02-11', '99'),
    ('30', '102', '2019-01-11', '41'),
    ('3', '168', '2019-01-15', '27'),
    ('34', '38', '2019-02-03', '63'),
    ('27', '44', '2019-01-31', '23'),
    ('26', '174', '2019-02-03', '32'),
    ('95', '96', '2019-02-03', '44'),
    ('83', '76', '2019-03-28', '72'),
    ('20', '165', '2019-01-02', '64'),
    ('80', '68', '2019-03-29', '30'),
    ('10', '14', '2019-02-23', '10'),
    ('40', '24', '2019-03-16', '62'),
    ('25', '4', '2019-02-03', '48'),
    ('9', '1', '2019-01-06', '67'),
    ('6', '122', '2019-02-20', '92'),
    ('50', '39', '2019-01-05', '46'),
    ('28', '153', '2019-01-26', '59'),
    ('8', '121', '2019-03-09', '31'),
    ('23', '176', '2019-01-25', '21'),
    ('17', '133', '2019-02-18', '81'),
    ('45', '52', '2019-03-11', '24'),
    ('74', '181', '2019-02-03', '96'),
    ('97', '177', '2019-02-25', '0'),
    ('4', '59', '2019-03-10', '87'),
    ('84', '173', '2019-03-24', '42'),
    ('48', '154', '2019-03-01', '63'),
    ('44', '13', '2019-01-25', '42'),
    ('46', '84', '2019-02-22', '95'),
    ('84', '68', '2019-02-03', '74'),
    ('9', '99', '2019-02-16', '48'),
    ('43', '62', '2019-03-22', '61'),
    ('85', '48', '2019-01-22', '80'),
    ('45', '184', '2019-03-15', '1'),
    ('42', '7', '2019-02-14', '7'),
    ('32', '199', '2019-02-13', '96'),
    ('55', '184', '2019-02-06', '94'),
    ('1', '161', '2019-02-21', '8'),
    ('96', '20', '2019-03-15', '91'),
    ('13', '123', '2019-02-01', '90'),
    ('84', '150', '2019-01-19', '84'),
    ('96', '31', '2019-02-25', '28'),
    ('91', '152', '2019-03-29', '84'),
    ('64', '12', '2019-01-25', '8'),
    ('71', '94', '2019-01-09', '44'),
    ('56', '161', '2019-03-04', '69'),
    ('36', '122', '2019-02-03', '9'),
    ('100', '54', '2019-03-22', '75'),
    ('23', '117', '2019-03-08', '10'),
    ('32', '148', '2019-01-17', '4'),
    ('34', '45', '2019-02-04', '38'),
    ('98', '39', '2019-01-05', '43'),
    ('32', '199', '2019-03-02', '44'),
    ('96', '198', '2019-03-05', '48'),
    ('6', '186', '2019-01-16', '5'),
    ('74', '130', '2019-03-04', '75'),
    ('57', '62', '2019-01-20', '23'),
    ('2', '80', '2019-01-04', '90'),
    ('77', '84', '2019-03-07', '56'),
    ('26', '22', '2019-03-01', '14'),
    ('13', '80', '2019-01-16', '67'),
    ('23', '91', '2019-02-10', '21'),
    ('13', '60', '2019-01-12', '97'),
    ('51', '107', '2019-01-19', '1'),
    ('82', '34', '2019-03-17', '40'),
    ('12', '166', '2019-01-11', '46'),
    ('2', '43', '2019-02-05', '50'),
    ('39', '9', '2019-03-09', '97'),
    ('19', '165', '2019-02-27', '27'),
    ('72', '142', '2019-01-16', '85'),
    ('99', '38', '2019-03-01', '26'),
    ('28', '4', '2019-03-29', '55'),
    ('60', '118', '2019-03-10', '57'),
    ('75', '74', '2019-03-16', '78'),
    ('7', '90', '2019-03-02', '19'),
    ('35', '115', '2019-03-07', '73'),
    ('56', '159', '2019-01-18', '94'),
    ('69', '166', '2019-01-19', '71'),
    ('44', '10', '2019-01-10', '46'),
    ('13', '178', '2019-03-15', '71'),
    ('53', '130', '2019-01-12', '80'),
    ('49', '93', '2019-03-23', '79'),
    ('56', '180', '2019-01-10', '42'),
    ('82', '172', '2019-01-05', '94'),
    ('71', '57', '2019-02-17', '31'),
    ('22', '146', '2019-02-12', '15'),
    ('10', '122', '2019-03-01', '14'),
    ('22', '136', '2019-03-04', '4'),
    ('74', '31', '2019-02-18', '59'),
    ('4', '66', '2019-02-09', '61'),
    ('62', '128', '2019-03-30', '34'),
    ('58', '187', '2019-02-16', '81'),
    ('10', '130', '2019-03-29', '9'),
    ('16', '47', '2019-01-17', '86'),
    ('87', '10', '2019-02-14', '2'),
    ('44', '71', '2019-01-23', '81'),
    ('13', '26', '2019-02-04', '88'),
    ('37', '80', '2019-02-09', '28'),
    ('63', '72', '2019-02-11', '63'),
    ('38', '200', '2019-03-25', '29'),
    ('21', '91', '2019-03-15', '45'),
    ('86', '6', '2019-03-01', '22'),
    ('34', '74', '2019-03-20', '35'),
    ('63', '137', '2019-03-05', '26'),
    ('48', '173', '2019-03-14', '54'),
    ('59', '36', '2019-02-13', '75'),
    ('65', '139', '2019-01-30', '29'),
    ('66', '186', '2019-02-16', '73'),
    ('90', '46', '2019-03-04', '38'),
    ('7', '82', '2019-03-21', '27'),
    ('40', '63', '2019-02-20', '10'),
    ('86', '40', '2019-03-19', '51'),
    ('77', '168', '2019-03-16', '34'),
    ('77', '92', '2019-02-09', '31'),
    ('10', '144', '2019-02-14', '37'),
    ('76', '28', '2019-01-30', '85'),
    ('38', '98', '2019-03-13', '87'),
    ('77', '127', '2019-02-26', '89'),
    ('38', '196', '2019-02-15', '96'),
    ('6', '200', '2019-01-24', '0'),
    ('90', '105', '2019-02-15', '69'),
    ('3', '200', '2019-01-13', '55'),
    ('94', '18', '2019-03-27', '6'),
    ('92', '79', '2019-03-13', '74'),
    ('6', '191', '2019-03-08', '37'),
    ('84', '129', '2019-03-12', '18'),
    ('15', '199', '2019-02-07', '22'),
    ('55', '134', '2019-03-11', '53'),
    ('54', '92', '2019-01-03', '15'),
    ('93', '39', '2019-02-26', '26'),
    ('79', '40', '2019-02-20', '82'),
    ('35', '127', '2019-03-14', '63'),
    ('94', '28', '2019-03-08', '83'),
    ('61', '11', '2019-02-07', '1'),
    ('66', '48', '2019-01-25', '55'),
    ('76', '156', '2019-02-02', '67'),
    ('41', '106', '2019-01-01', '37'),
    ('37', '148', '2019-03-21', '7'),
    ('78', '129', '2019-02-13', '86'),
    ('21', '133', '2019-03-04', '64'),
    ('99', '56', '2019-01-17', '46'),
    ('98', '20', '2019-01-26', '31'),
    ('65', '29', '2019-03-05', '15'),
    ('70', '79', '2019-03-30', '97'),
    ('76', '1', '2019-01-06', '43'),
    ('36', '58', '2019-03-02', '76'),
    ('99', '19', '2019-01-14', '27'),
    ('56', '77', '2019-01-19', '36'),
    ('12', '7', '2019-02-26', '19'),
    ('23', '187', '2019-02-18', '93'),
    ('11', '167', '2019-02-16', '90'),
    ('22', '64', '2019-02-27', '23'),
    ('21', '52', '2019-01-03', '33'),
    ('59', '138', '2019-01-21', '65'),
    ('72', '164', '2019-02-10', '77'),
    ('6', '92', '2019-03-21', '61'),
    ('98', '8', '2019-02-11', '12'),
    ('70', '180', '2019-03-12', '2'),
    ('12', '5', '2019-01-30', '6'),
    ('48', '132', '2019-02-15', '88'),
    ('47', '110', '2019-02-09', '86'),
    ('64', '96', '2019-02-03', '51'),
    ('1', '133', '2019-02-15', '18'),
    ('6', '121', '2019-03-01', '62'),
    ('70', '151', '2019-01-12', '98'),
    ('58', '197', '2019-02-10', '96'),
    ('8', '133', '2019-01-06', '65'),
    ('52', '124', '2019-02-23', '91'),
    ('83', '118', '2019-02-03', '25'),
    ('39', '188', '2019-01-03', '36'),
    ('26', '28', '2019-03-27', '70'),
    ('92', '68', '2019-03-03', '53'),
    ('51', '190', '2019-02-23', '60'),
    ('91', '180', '2019-02-21', '27'),
    ('34', '181', '2019-03-24', '8'),
    ('77', '91', '2019-01-14', '41'),
    ('5', '59', '2019-03-26', '86'),
    ('89', '116', '2019-03-27', '63'),
    ('9', '94', '2019-03-10', '87'),
    ('71', '173', '2019-01-26', '43'),
    ('3', '131', '2019-03-08', '77'),
    ('84', '133', '2019-03-11', '3'),
    ('46', '83', '2019-03-11', '11'),
    ('49', '199', '2019-01-26', '34'),
    ('30', '76', '2019-02-16', '34'),
    ('20', '156', '2019-02-06', '89'),
    ('23', '108', '2019-01-01', '23'),
    ('47', '69', '2019-02-13', '93'),
    ('60', '63', '2019-03-15', '44'),
    ('85', '99', '2019-02-27', '45'),
    ('78', '34', '2019-01-16', '87'),
    ('58', '31', '2019-02-25', '52');

CREATE TABLE IF NOT EXISTS Followers(
    user_id int,
    follower_id int
);
TRUNCATE TABLE Followers;
INSERT INTO Followers (user_id, follower_id)
VALUES
    ('0', '1'),
    ('1', '0'),
    ('2', '0'),
    ('2', '1');

CREATE TABLE IF NOT EXISTS MyNumbers (num int);
TRUNCATE TABLE MyNumbers;
INSERT INTO MyNumbers (num)
VALUES ('8'), ('8'), ('3'), ('3'), ('1'), ('4'), ('5'), ('6');
INSERT INTO MyNumbers (num)
VALUES ('8'), ('8'), ('7'), ('7'), ('3'), ('3');

CREATE TABLE IF NOT EXISTS Customer_1045 (
    customer_id int,
    product_key int
);
TRUNCATE TABLE Customer_1045;
INSERT INTO Customer_1045 (customer_id, product_key)
VALUES
    ('18', '15'),
    ('40', '9'),
    ('35', '17'),
    ('25', '16'),
    ('12', '11'),
    ('35', '7'),
    ('25', '19'),
    ('22', '8'),
    ('11', '13'),
    ('24', '15'),
    ('21', '10'),
    ('30', '8'),
    ('35', '18'),
    ('4', '17'),
    ('4', '15'),
    ('35', '13'),
    ('39', '16'),
    ('11', '8'),
    ('17', '10'),
    ('17', '10'),
    ('32', '13'),
    ('48', '20'),
    ('26', '10'),
    ('44', '11'),
    ('21', '12'),
    ('1', '16'),
    ('34', '18'),
    ('32', '1'),
    ('4', '12'),
    ('41', '7'),
    ('46', '6'),
    ('40', '3'),
    ('29', '10'),
    ('28', '8'),
    ('8', '6'),
    ('29', '4'),
    ('9', '19'),
    ('2', '4'),
    ('9', '10'),
    ('40', '4'),
    ('20', '1'),
    ('30', '5'),
    ('37', '18'),
    ('50', '6'),
    ('32', '2'),
    ('34', '17'),
    ('18', '15'),
    ('31', '12'),
    ('20', '10'),
    ('37', '10'),
    ('31', '17'),
    ('43', '15'),
    ('38', '13'),
    ('34', '17'),
    ('8', '13'),
    ('35', '14'),
    ('36', '15'),
    ('44', '18'),
    ('21', '3'),
    ('50', '12'),
    ('11', '15'),
    ('47', '4'),
    ('1', '14'),
    ('34', '17'),
    ('21', '16'),
    ('11', '15'),
    ('7', '16'),
    ('30', '12'),
    ('21', '5'),
    ('29', '3'),
    ('12', '16'),
    ('21', '3'),
    ('45', '11'),
    ('36', '5'),
    ('30', '15'),
    ('43', '5'),
    ('4', '3'),
    ('32', '14'),
    ('4', '8'),
    ('22', '15'),
    ('1', '1'),
    ('5', '18'),
    ('12', '2'),
    ('23', '17'),
    ('48', '15'),
    ('15', '6'),
    ('3', '15'),
    ('5', '7'),
    ('36', '8'),
    ('16', '7'),
    ('30', '20'),
    ('17', '9'),
    ('4', '12'),
    ('18', '16'),
    ('33', '10'),
    ('22', '16'),
    ('48', '17'),
    ('32', '5'),
    ('17', '13'),
    ('5', '11'),
    ('8', '8'),
    ('26', '10'),
    ('29', '7'),
    ('20', '10'),
    ('47', '11'),
    ('1', '17'),
    ('4', '9'),
    ('37', '11'),
    ('40', '10'),
    ('5', '15'),
    ('38', '3'),
    ('21', '10'),
    ('26', '8'),
    ('24', '3'),
    ('17', '7'),
    ('20', '18'),
    ('29', '6'),
    ('39', '4'),
    ('37', '9'),
    ('28', '20'),
    ('35', '20'),
    ('7', '11'),
    ('32', '18'),
    ('22', '1'),
    ('27', '15'),
    ('28', '1'),
    ('32', '18'),
    ('38', '17'),
    ('48', '7'),
    ('21', '20'),
    ('32', '3'),
    ('10', '15'),
    ('42', '10'),
    ('3', '9'),
    ('34', '7'),
    ('9', '11'),
    ('6', '6'),
    ('34', '17'),
    ('14', '10'),
    ('20', '4'),
    ('39', '16'),
    ('17', '19'),
    ('18', '5'),
    ('42', '18'),
    ('17', '1'),
    ('28', '13'),
    ('20', '17'),
    ('30', '11'),
    ('12', '8'),
    ('39', '19'),
    ('28', '7'),
    ('16', '14'),
    ('48', '9'),
    ('14', '13'),
    ('30', '6'),
    ('44', '1'),
    ('29', '12'),
    ('31', '19'),
    ('22', '5'),
    ('35', '14'),
    ('14', '15'),
    ('43', '16'),
    ('32', '9'),
    ('36', '16'),
    ('15', '10'),
    ('42', '12'),
    ('18', '8'),
    ('50', '5'),
    ('25', '10'),
    ('21', '14'),
    ('41', '11'),
    ('9', '2'),
    ('14', '8'),
    ('29', '17'),
    ('37', '13'),
    ('45', '19'),
    ('9', '19'),
    ('41', '6'),
    ('45', '9'),
    ('19', '19'),
    ('27', '17'),
    ('10', '1'),
    ('28', '7'),
    ('15', '15'),
    ('9', '16'),
    ('50', '2'),
    ('39', '20'),
    ('45', '9'),
    ('10', '18'),
    ('30', '18'),
    ('38', '4'),
    ('22', '15'),
    ('39', '20'),
    ('16', '10'),
    ('18', '3'),
    ('6', '1'),
    ('37', '7'),
    ('19', '1'),
    ('50', '8'),
    ('15', '6'),
    ('25', '7'),
    ('32', '15'),
    ('34', '8'),
    ('23', '15'),
    ('45', '1'),
    ('37', '13'),
    ('38', '16'),
    ('2', '8'),
    ('25', '13'),
    ('4', '20'),
    ('44', '6'),
    ('34', '2'),
    ('6', '14'),
    ('26', '10'),
    ('31', '12'),
    ('1', '14'),
    ('6', '18'),
    ('18', '6'),
    ('3', '10'),
    ('18', '12'),
    ('42', '19'),
    ('28', '11'),
    ('45', '5'),
    ('45', '17'),
    ('28', '8'),
    ('46', '19'),
    ('21', '4'),
    ('2', '13'),
    ('36', '3'),
    ('20', '15'),
    ('15', '8'),
    ('4', '20'),
    ('41', '6'),
    ('40', '18'),
    ('42', '20'),
    ('47', '9'),
    ('45', '15'),
    ('36', '7'),
    ('37', '7'),
    ('20', '2'),
    ('2', '16'),
    ('33', '17'),
    ('20', '14'),
    ('18', '9'),
    ('7', '14'),
    ('17', '2'),
    ('23', '8'),
    ('16', '11'),
    ('3', '19'),
    ('41', '4'),
    ('29', '6'),
    ('16', '6'),
    ('21', '19'),
    ('36', '19'),
    ('26', '4'),
    ('10', '2'),
    ('15', '8'),
    ('28', '17'),
    ('28', '15'),
    ('10', '19'),
    ('3', '13'),
    ('14', '11'),
    ('10', '2'),
    ('10', '10'),
    ('14', '19'),
    ('35', '8'),
    ('7', '7'),
    ('31', '7'),
    ('50', '5'),
    ('11', '7'),
    ('19', '6'),
    ('47', '4'),
    ('43', '5'),
    ('37', '14'),
    ('2', '6'),
    ('34', '12'),
    ('27', '12'),
    ('7', '1'),
    ('34', '15'),
    ('24', '17'),
    ('46', '16'),
    ('20', '16'),
    ('36', '1'),
    ('42', '13'),
    ('44', '7'),
    ('33', '16'),
    ('27', '20'),
    ('43', '15'),
    ('9', '19'),
    ('49', '18'),
    ('32', '2'),
    ('40', '3'),
    ('18', '8'),
    ('33', '13'),
    ('26', '9'),
    ('32', '1'),
    ('12', '5'),
    ('5', '17'),
    ('26', '9'),
    ('18', '10'),
    ('28', '16'),
    ('27', '6'),
    ('46', '16'),
    ('43', '17'),
    ('28', '2'),
    ('14', '4'),
    ('19', '5'),
    ('18', '6'),
    ('50', '15'),
    ('50', '5'),
    ('26', '11'),
    ('18', '12'),
    ('42', '14'),
    ('10', '17'),
    ('44', '20'),
    ('41', '1'),
    ('44', '20'),
    ('43', '10'),
    ('32', '3'),
    ('2', '11'),
    ('6', '20'),
    ('24', '11'),
    ('30', '18'),
    ('34', '16'),
    ('33', '15'),
    ('14', '4'),
    ('14', '8'),
    ('25', '2'),
    ('43', '9'),
    ('50', '4'),
    ('33', '3'),
    ('47', '15'),
    ('17', '16'),
    ('28', '7'),
    ('30', '13'),
    ('39', '4'),
    ('36', '7'),
    ('49', '7'),
    ('23', '7'),
    ('27', '10'),
    ('47', '15'),
    ('22', '17'),
    ('18', '7'),
    ('26', '20'),
    ('39', '14'),
    ('23', '4'),
    ('50', '8'),
    ('42', '20'),
    ('47', '6'),
    ('37', '5'),
    ('38', '6'),
    ('8', '7'),
    ('42', '20'),
    ('23', '15'),
    ('9', '19'),
    ('8', '7'),
    ('36', '19'),
    ('31', '4'),
    ('47', '13'),
    ('15', '10'),
    ('11', '4'),
    ('38', '15'),
    ('37', '1'),
    ('13', '9'),
    ('35', '2'),
    ('4', '18'),
    ('12', '10'),
    ('48', '9'),
    ('37', '12'),
    ('39', '14'),
    ('27', '8'),
    ('13', '6'),
    ('36', '19'),
    ('38', '11'),
    ('38', '10'),
    ('40', '6'),
    ('12', '19'),
    ('23', '2'),
    ('34', '3'),
    ('30', '16'),
    ('49', '19'),
    ('35', '19'),
    ('30', '3'),
    ('15', '4'),
    ('46', '15'),
    ('43', '17'),
    ('10', '16'),
    ('40', '20'),
    ('21', '14'),
    ('38', '13'),
    ('23', '9'),
    ('2', '9'),
    ('4', '2'),
    ('42', '15'),
    ('45', '20'),
    ('33', '18'),
    ('1', '19'),
    ('49', '16'),
    ('48', '12'),
    ('4', '20'),
    ('18', '10'),
    ('41', '9'),
    ('9', '3'),
    ('12', '10'),
    ('46', '13'),
    ('47', '20'),
    ('28', '19'),
    ('13', '10'),
    ('28', '20'),
    ('8', '1'),
    ('42', '6'),
    ('34', '14'),
    ('4', '2'),
    ('9', '14'),
    ('9', '12'),
    ('11', '10'),
    ('35', '3'),
    ('32', '17'),
    ('26', '3'),
    ('45', '7'),
    ('6', '3'),
    ('24', '18'),
    ('32', '14'),
    ('35', '15'),
    ('8', '9'),
    ('39', '19'),
    ('29', '7'),
    ('15', '7'),
    ('12', '20'),
    ('18', '7'),
    ('41', '2'),
    ('43', '7'),
    ('9', '3'),
    ('48', '15'),
    ('23', '13'),
    ('36', '6'),
    ('1', '13'),
    ('2', '14'),
    ('34', '3'),
    ('4', '5'),
    ('40', '9'),
    ('15', '15'),
    ('17', '4'),
    ('15', '6'),
    ('25', '1'),
    ('7', '14'),
    ('38', '11'),
    ('47', '9'),
    ('33', '11'),
    ('46', '11'),
    ('33', '6'),
    ('9', '5'),
    ('23', '9'),
    ('41', '11'),
    ('5', '3'),
    ('2', '3'),
    ('26', '4'),
    ('15', '16'),
    ('14', '2'),
    ('30', '17'),
    ('42', '10'),
    ('13', '9'),
    ('5', '6'),
    ('43', '3'),
    ('14', '20'),
    ('38', '9'),
    ('10', '19'),
    ('30', '9'),
    ('18', '20'),
    ('1', '12'),
    ('18', '7'),
    ('41', '5'),
    ('45', '14'),
    ('22', '13'),
    ('42', '5'),
    ('42', '15'),
    ('40', '8'),
    ('1', '3'),
    ('33', '7'),
    ('5', '12'),
    ('50', '14'),
    ('21', '12'),
    ('41', '5'),
    ('40', '17'),
    ('3', '3'),
    ('16', '8'),
    ('42', '20'),
    ('3', '1'),
    ('32', '10'),
    ('26', '16'),
    ('41', '10'),
    ('30', '14'),
    ('15', '3'),
    ('28', '1'),
    ('7', '11'),
    ('50', '17'),
    ('46', '9'),
    ('4', '18'),
    ('7', '8'),
    ('40', '20'),
    ('28', '2'),
    ('11', '17'),
    ('6', '15'),
    ('50', '3'),
    ('45', '17'),
    ('43', '9'),
    ('31', '7'),
    ('8', '14'),
    ('18', '14'),
    ('40', '10'),
    ('9', '11'),
    ('4', '11'),
    ('36', '6'),
    ('19', '18'),
    ('23', '5'),
    ('39', '1'),
    ('10', '5'),
    ('5', '13'),
    ('12', '12'),
    ('41', '14'),
    ('32', '16'),
    ('35', '9'),
    ('8', '17'),
    ('44', '20'),
    ('9', '2'),
    ('30', '6'),
    ('18', '14'),
    ('47', '14'),
    ('7', '1'),
    ('14', '17'),
    ('26', '4'),
    ('1', '6'),
    ('33', '10'),
    ('22', '14'),
    ('38', '7'),
    ('49', '2'),
    ('17', '19'),
    ('36', '11'),
    ('9', '19'),
    ('6', '5'),
    ('32', '16'),
    ('48', '9'),
    ('38', '7'),
    ('43', '1'),
    ('26', '4'),
    ('34', '20'),
    ('9', '12'),
    ('48', '12'),
    ('48', '10'),
    ('20', '15'),
    ('7', '5'),
    ('11', '16'),
    ('18', '19'),
    ('15', '9'),
    ('33', '13'),
    ('5', '5'),
    ('48', '14'),
    ('39', '14'),
    ('39', '13'),
    ('29', '14'),
    ('18', '3'),
    ('1', '20'),
    ('46', '4'),
    ('3', '18'),
    ('34', '9'),
    ('18', '12'),
    ('11', '14'),
    ('15', '18'),
    ('26', '6'),
    ('46', '20'),
    ('8', '1'),
    ('21', '10'),
    ('26', '19'),
    ('38', '3'),
    ('7', '2'),
    ('12', '11'),
    ('41', '18'),
    ('4', '6'),
    ('18', '10'),
    ('20', '19'),
    ('2', '7'),
    ('8', '8'),
    ('49', '17'),
    ('26', '8'),
    ('50', '16'),
    ('24', '8'),
    ('48', '4'),
    ('46', '13'),
    ('26', '16'),
    ('41', '20'),
    ('46', '14'),
    ('31', '6'),
    ('36', '13'),
    ('4', '14'),
    ('44', '12'),
    ('20', '16'),
    ('22', '7'),
    ('35', '2'),
    ('1', '12'),
    ('9', '11'),
    ('9', '8'),
    ('9', '5'),
    ('16', '13'),
    ('8', '17'),
    ('29', '16'),
    ('24', '1'),
    ('12', '17'),
    ('37', '10'),
    ('15', '7'),
    ('40', '20'),
    ('18', '5'),
    ('33', '20'),
    ('11', '3'),
    ('18', '11'),
    ('42', '8'),
    ('18', '11'),
    ('40', '14'),
    ('4', '12'),
    ('24', '9'),
    ('19', '1'),
    ('14', '9'),
    ('6', '11'),
    ('33', '14'),
    ('17', '20'),
    ('39', '9'),
    ('30', '6'),
    ('45', '5'),
    ('39', '17'),
    ('10', '5'),
    ('13', '14'),
    ('17', '9'),
    ('38', '19'),
    ('50', '17'),
    ('3', '13'),
    ('31', '11'),
    ('48', '6'),
    ('2', '5'),
    ('11', '14'),
    ('8', '16'),
    ('2', '13'),
    ('50', '11'),
    ('9', '16'),
    ('43', '20'),
    ('12', '5'),
    ('45', '11'),
    ('38', '17'),
    ('47', '19'),
    ('25', '1'),
    ('20', '20'),
    ('40', '9'),
    ('37', '19'),
    ('45', '1'),
    ('3', '9'),
    ('4', '8'),
    ('1', '6'),
    ('25', '20'),
    ('32', '19'),
    ('41', '1'),
    ('25', '12'),
    ('2', '3'),
    ('17', '11'),
    ('40', '5'),
    ('3', '1'),
    ('33', '15'),
    ('17', '3'),
    ('26', '19'),
    ('21', '16'),
    ('20', '12'),
    ('50', '6'),
    ('48', '12'),
    ('3', '9'),
    ('20', '13'),
    ('50', '19'),
    ('3', '17'),
    ('22', '2'),
    ('20', '6'),
    ('29', '18'),
    ('26', '6'),
    ('47', '4'),
    ('24', '5'),
    ('44', '5'),
    ('50', '2'),
    ('7', '8'),
    ('13', '10'),
    ('7', '2'),
    ('7', '17'),
    ('39', '9'),
    ('41', '8'),
    ('47', '1'),
    ('13', '15'),
    ('35', '19'),
    ('43', '1'),
    ('19', '19'),
    ('46', '17'),
    ('10', '8'),
    ('19', '1'),
    ('5', '6'),
    ('6', '2'),
    ('13', '16'),
    ('9', '13'),
    ('8', '13'),
    ('27', '11'),
    ('31', '17'),
    ('21', '2'),
    ('4', '3'),
    ('36', '1'),
    ('16', '9'),
    ('13', '1'),
    ('37', '13'),
    ('45', '3'),
    ('50', '10'),
    ('1', '20'),
    ('25', '2'),
    ('5', '15'),
    ('7', '4'),
    ('5', '5'),
    ('9', '14'),
    ('34', '9'),
    ('49', '12'),
    ('4', '18'),
    ('9', '1'),
    ('1', '19'),
    ('45', '19'),
    ('6', '4'),
    ('24', '15'),
    ('43', '19'),
    ('3', '7'),
    ('21', '4'),
    ('4', '20'),
    ('15', '19'),
    ('49', '1'),
    ('16', '2'),
    ('18', '15'),
    ('44', '6'),
    ('20', '2'),
    ('45', '8'),
    ('31', '13'),
    ('20', '9'),
    ('1', '8'),
    ('14', '3'),
    ('37', '8'),
    ('34', '11'),
    ('10', '17'),
    ('35', '8'),
    ('40', '7'),
    ('48', '18'),
    ('34', '6'),
    ('24', '1'),
    ('39', '6'),
    ('49', '5'),
    ('39', '13'),
    ('46', '12'),
    ('50', '20'),
    ('31', '10'),
    ('2', '7'),
    ('45', '3'),
    ('6', '5'),
    ('36', '3'),
    ('9', '5'),
    ('23', '10'),
    ('38', '1'),
    ('24', '9'),
    ('43', '4'),
    ('22', '16'),
    ('14', '1'),
    ('24', '11'),
    ('10', '6'),
    ('18', '14'),
    ('41', '9'),
    ('18', '16'),
    ('22', '6'),
    ('11', '10'),
    ('26', '10'),
    ('48', '9'),
    ('32', '20'),
    ('35', '15'),
    ('22', '19'),
    ('7', '1'),
    ('37', '7'),
    ('46', '20'),
    ('14', '3'),
    ('24', '5'),
    ('9', '20'),
    ('21', '7'),
    ('38', '14'),
    ('30', '20'),
    ('19', '15'),
    ('7', '5'),
    ('4', '13'),
    ('47', '3'),
    ('2', '6'),
    ('47', '3'),
    ('16', '9'),
    ('27', '15'),
    ('46', '6'),
    ('16', '20'),
    ('30', '2'),
    ('29', '17'),
    ('1', '1'),
    ('38', '1'),
    ('15', '3'),
    ('35', '13'),
    ('40', '3'),
    ('4', '14'),
    ('47', '15'),
    ('3', '4'),
    ('41', '14'),
    ('13', '9'),
    ('45', '7'),
    ('34', '2'),
    ('36', '8'),
    ('33', '4'),
    ('9', '4'),
    ('17', '14'),
    ('32', '15'),
    ('27', '4'),
    ('30', '20'),
    ('35', '20'),
    ('23', '14'),
    ('34', '8'),
    ('9', '15'),
    ('23', '15'),
    ('6', '3'),
    ('2', '3'),
    ('42', '13'),
    ('38', '17'),
    ('37', '8'),
    ('26', '6'),
    ('5', '12'),
    ('37', '5'),
    ('42', '16'),
    ('49', '10'),
    ('12', '14'),
    ('24', '1'),
    ('11', '18'),
    ('44', '4'),
    ('7', '15'),
    ('42', '8'),
    ('34', '11'),
    ('26', '10'),
    ('49', '19'),
    ('31', '17'),
    ('9', '5'),
    ('34', '19'),
    ('25', '11'),
    ('50', '20'),
    ('20', '14'),
    ('30', '10'),
    ('34', '1'),
    ('9', '4'),
    ('14', '14'),
    ('24', '19'),
    ('7', '14'),
    ('29', '8'),
    ('2', '15'),
    ('44', '14'),
    ('37', '20'),
    ('30', '11'),
    ('13', '4'),
    ('39', '8'),
    ('35', '19'),
    ('1', '1'),
    ('10', '20'),
    ('10', '11'),
    ('25', '4'),
    ('45', '4'),
    ('34', '11'),
    ('3', '20'),
    ('27', '8'),
    ('24', '11'),
    ('2', '13'),
    ('42', '12'),
    ('4', '3'),
    ('19', '5'),
    ('34', '4'),
    ('23', '13'),
    ('46', '3'),
    ('21', '11'),
    ('46', '10'),
    ('23', '5'),
    ('14', '14'),
    ('28', '18'),
    ('3', '6'),
    ('37', '17'),
    ('26', '1'),
    ('23', '3'),
    ('22', '4'),
    ('1', '9'),
    ('31', '18'),
    ('1', '1'),
    ('37', '4'),
    ('45', '18'),
    ('6', '15'),
    ('11', '8'),
    ('47', '7'),
    ('44', '2'),
    ('27', '11'),
    ('14', '19'),
    ('11', '8'),
    ('12', '20'),
    ('41', '9'),
    ('13', '10'),
    ('50', '18'),
    ('39', '14'),
    ('50', '3'),
    ('31', '5'),
    ('48', '1'),
    ('33', '5'),
    ('24', '18'),
    ('41', '13'),
    ('11', '4'),
    ('29', '11'),
    ('12', '7'),
    ('49', '3'),
    ('43', '9'),
    ('17', '14'),
    ('20', '2'),
    ('50', '15'),
    ('22', '7'),
    ('33', '16'),
    ('29', '8'),
    ('18', '17'),
    ('14', '8'),
    ('27', '20'),
    ('32', '15'),
    ('46', '19'),
    ('44', '17'),
    ('47', '17'),
    ('34', '8'),
    ('42', '17'),
    ('9', '20'),
    ('12', '7'),
    ('15', '2'),
    ('9', '13'),
    ('33', '4'),
    ('9', '1'),
    ('35', '19'),
    ('27', '5'),
    ('13', '16'),
    ('46', '6'),
    ('30', '16'),
    ('17', '3'),
    ('19', '2'),
    ('32', '15'),
    ('5', '14'),
    ('16', '12'),
    ('2', '4'),
    ('8', '16'),
    ('38', '9'),
    ('1', '2'),
    ('9', '3'),
    ('37', '11'),
    ('14', '15'),
    ('47', '4'),
    ('2', '6'),
    ('28', '19'),
    ('49', '12'),
    ('24', '7'),
    ('47', '7'),
    ('5', '7'),
    ('48', '19'),
    ('10', '16'),
    ('47', '4'),
    ('24', '16'),
    ('12', '10'),
    ('37', '2'),
    ('3', '19'),
    ('35', '9'),
    ('21', '14'),
    ('31', '13'),
    ('39', '16'),
    ('38', '13'),
    ('16', '14'),
    ('50', '11'),
    ('14', '15'),
    ('37', '20'),
    ('34', '18'),
    ('31', '14'),
    ('42', '10'),
    ('50', '6'),
    ('31', '9'),
    ('39', '15'),
    ('16', '20'),
    ('40', '9'),
    ('16', '17'),
    ('49', '3'),
    ('43', '1'),
    ('32', '20'),
    ('9', '18'),
    ('30', '19'),
    ('5', '2'),
    ('18', '20'),
    ('34', '18'),
    ('21', '9'),
    ('6', '19'),
    ('46', '7'),
    ('15', '16'),
    ('44', '13'),
    ('35', '13'),
    ('27', '19'),
    ('45', '13'),
    ('6', '7'),
    ('5', '11'),
    ('41', '18'),
    ('42', '18'),
    ('44', '4'),
    ('16', '20'),
    ('38', '5'),
    ('37', '17'),
    ('3', '5'),
    ('39', '8'),
    ('18', '19'),
    ('39', '1'),
    ('43', '14'),
    ('8', '18'),
    ('26', '19'),
    ('42', '5'),
    ('24', '14'),
    ('24', '2'),
    ('39', '8'),
    ('17', '19'),
    ('46', '1'),
    ('3', '10'),
    ('49', '14'),
    ('48', '4'),
    ('45', '17'),
    ('49', '12'),
    ('22', '20'),
    ('6', '9'),
    ('36', '10'),
    ('11', '4'),
    ('16', '3'),
    ('39', '18'),
    ('40', '19'),
    ('11', '12'),
    ('2', '13'),
    ('50', '15'),
    ('38', '3'),
    ('26', '13'),
    ('33', '11'),
    ('23', '18'),
    ('26', '5'),
    ('47', '16'),
    ('22', '2'),
    ('2', '14'),
    ('10', '2'),
    ('6', '6'),
    ('46', '16'),
    ('44', '9'),
    ('9', '11'),
    ('27', '12'),
    ('36', '7'),
    ('5', '9'),
    ('19', '16'),
    ('22', '10'),
    ('37', '13'),
    ('27', '14'),
    ('42', '15'),
    ('21', '11'),
    ('47', '3'),
    ('31', '1'),
    ('50', '12'),
    ('7', '3'),
    ('22', '5'),
    ('31', '3'),
    ('30', '20'),
    ('1', '2'),
    ('30', '16'),
    ('50', '5'),
    ('20', '17'),
    ('18', '5'),
    ('8', '3'),
    ('43', '18'),
    ('11', '2'),
    ('43', '14'),
    ('14', '12'),
    ('2', '18'),
    ('15', '20'),
    ('16', '18'),
    ('33', '9'),
    ('10', '10'),
    ('31', '5'),
    ('49', '6'),
    ('21', '1'),
    ('30', '5'),
    ('33', '14'),
    ('9', '19'),
    ('32', '16'),
    ('16', '11'),
    ('44', '3'),
    ('19', '20'),
    ('8', '5'),
    ('1', '15'),
    ('47', '20'),
    ('3', '17'),
    ('49', '9'),
    ('13', '11'),
    ('32', '9'),
    ('4', '6'),
    ('20', '13'),
    ('15', '17'),
    ('46', '15'),
    ('5', '3'),
    ('45', '18'),
    ('44', '7'),
    ('8', '3'),
    ('22', '8'),
    ('31', '5'),
    ('24', '8'),
    ('32', '8'),
    ('48', '10'),
    ('38', '17'),
    ('19', '11'),
    ('20', '12'),
    ('33', '19'),
    ('22', '17'),
    ('32', '4'),
    ('50', '19'),
    ('39', '3'),
    ('45', '17'),
    ('14', '2'),
    ('36', '1'),
    ('1', '14'),
    ('15', '14'),
    ('18', '9'),
    ('38', '13'),
    ('22', '18'),
    ('30', '11'),
    ('44', '12'),
    ('20', '1'),
    ('13', '16'),
    ('5', '10'),
    ('4', '9'),
    ('39', '20'),
    ('39', '2'),
    ('1', '20'),
    ('36', '11'),
    ('14', '3'),
    ('27', '1'),
    ('50', '10'),
    ('25', '5'),
    ('26', '8'),
    ('16', '8'),
    ('32', '4'),
    ('33', '7'),
    ('34', '12'),
    ('42', '8'),
    ('8', '6'),
    ('17', '12'),
    ('28', '9'),
    ('34', '8'),
    ('9', '20'),
    ('29', '19'),
    ('50', '9'),
    ('28', '1'),
    ('10', '16'),
    ('1', '13'),
    ('37', '16'),
    ('12', '8'),
    ('7', '5'),
    ('37', '11'),
    ('45', '10'),
    ('45', '20'),
    ('30', '13'),
    ('21', '17'),
    ('16', '11'),
    ('3', '19'),
    ('11', '5'),
    ('18', '4'),
    ('16', '9'),
    ('34', '9'),
    ('39', '18'),
    ('37', '17'),
    ('9', '16'),
    ('49', '8'),
    ('26', '6'),
    ('21', '8'),
    ('40', '5'),
    ('31', '19'),
    ('41', '1'),
    ('39', '18'),
    ('19', '19'),
    ('40', '20'),
    ('5', '3'),
    ('7', '9'),
    ('21', '13'),
    ('16', '7'),
    ('24', '19'),
    ('14', '11'),
    ('26', '11'),
    ('5', '16'),
    ('37', '15'),
    ('46', '1'),
    ('39', '3'),
    ('11', '17'),
    ('13', '13'),
    ('31', '17'),
    ('47', '5'),
    ('4', '12'),
    ('39', '11'),
    ('18', '3'),
    ('42', '1'),
    ('8', '5'),
    ('8', '19'),
    ('11', '1'),
    ('50', '10'),
    ('27', '12'),
    ('44', '18'),
    ('46', '16'),
    ('42', '18'),
    ('49', '10'),
    ('44', '12'),
    ('41', '4'),
    ('34', '5'),
    ('48', '6'),
    ('6', '1'),
    ('15', '14'),
    ('23', '19'),
    ('47', '6'),
    ('31', '19'),
    ('5', '1'),
    ('18', '13'),
    ('3', '16'),
    ('15', '10'),
    ('21', '19'),
    ('40', '4'),
    ('28', '10'),
    ('28', '17'),
    ('37', '13'),
    ('9', '16'),
    ('29', '1'),
    ('30', '5'),
    ('48', '18'),
    ('45', '9'),
    ('45', '1'),
    ('29', '14'),
    ('1', '13'),
    ('6', '7'),
    ('25', '8'),
    ('27', '1'),
    ('29', '11'),
    ('27', '7'),
    ('12', '14'),
    ('30', '3'),
    ('24', '4'),
    ('9', '11'),
    ('50', '1'),
    ('44', '18'),
    ('29', '2'),
    ('2', '2'),
    ('21', '5'),
    ('20', '4'),
    ('29', '14'),
    ('19', '20'),
    ('2', '7'),
    ('18', '12'),
    ('36', '10'),
    ('16', '9'),
    ('22', '13'),
    ('41', '20'),
    ('8', '9'),
    ('7', '18'),
    ('40', '7'),
    ('48', '4'),
    ('23', '18'),
    ('32', '3'),
    ('38', '10'),
    ('18', '10'),
    ('15', '10'),
    ('3', '5'),
    ('9', '11'),
    ('43', '5'),
    ('42', '4'),
    ('39', '20'),
    ('39', '18'),
    ('40', '9'),
    ('5', '1'),
    ('17', '14'),
    ('3', '14'),
    ('25', '16'),
    ('16', '4'),
    ('34', '5'),
    ('8', '9'),
    ('10', '18'),
    ('42', '13'),
    ('38', '16'),
    ('33', '8'),
    ('36', '8'),
    ('3', '8'),
    ('5', '8'),
    ('50', '5'),
    ('37', '6'),
    ('12', '19'),
    ('23', '6'),
    ('13', '8'),
    ('8', '3'),
    ('36', '11'),
    ('45', '10'),
    ('47', '10'),
    ('46', '19'),
    ('43', '11'),
    ('25', '7'),
    ('10', '14'),
    ('32', '7'),
    ('28', '7'),
    ('25', '18'),
    ('49', '10'),
    ('50', '20'),
    ('37', '2'),
    ('13', '18'),
    ('15', '11'),
    ('40', '8'),
    ('16', '20'),
    ('9', '7'),
    ('41', '9'),
    ('24', '12'),
    ('32', '8'),
    ('18', '12'),
    ('6', '9'),
    ('48', '2'),
    ('40', '11'),
    ('13', '16'),
    ('14', '17'),
    ('31', '16'),
    ('28', '4'),
    ('47', '16'),
    ('12', '6'),
    ('21', '8'),
    ('11', '9'),
    ('40', '17'),
    ('15', '2'),
    ('35', '8'),
    ('12', '18'),
    ('28', '3'),
    ('11', '10'),
    ('10', '8'),
    ('13', '5'),
    ('7', '13'),
    ('15', '3'),
    ('33', '7'),
    ('3', '18'),
    ('32', '5'),
    ('12', '8'),
    ('3', '3'),
    ('27', '18'),
    ('3', '5'),
    ('35', '19'),
    ('36', '19'),
    ('45', '16'),
    ('17', '3'),
    ('40', '15'),
    ('14', '2'),
    ('8', '1'),
    ('39', '17'),
    ('8', '5'),
    ('49', '16'),
    ('47', '9'),
    ('36', '19'),
    ('13', '9'),
    ('40', '12'),
    ('19', '15'),
    ('9', '2'),
    ('13', '9'),
    ('47', '9'),
    ('16', '8'),
    ('48', '2'),
    ('7', '5'),
    ('41', '10'),
    ('13', '18'),
    ('39', '3'),
    ('42', '19'),
    ('3', '11'),
    ('43', '20'),
    ('49', '18'),
    ('11', '18'),
    ('23', '10'),
    ('32', '18'),
    ('49', '7'),
    ('5', '7'),
    ('11', '11'),
    ('3', '10'),
    ('17', '9'),
    ('20', '5'),
    ('34', '5'),
    ('12', '7'),
    ('31', '16'),
    ('43', '16'),
    ('20', '3'),
    ('16', '15'),
    ('26', '11'),
    ('2', '19'),
    ('34', '18'),
    ('3', '3'),
    ('36', '8'),
    ('36', '6'),
    ('21', '13'),
    ('24', '14'),
    ('24', '12'),
    ('14', '3'),
    ('1', '19'),
    ('13', '3'),
    ('9', '3'),
    ('25', '16'),
    ('45', '20'),
    ('38', '13'),
    ('21', '9'),
    ('25', '6'),
    ('20', '6'),
    ('29', '5'),
    ('20', '2'),
    ('39', '14'),
    ('41', '5'),
    ('2', '2'),
    ('12', '14'),
    ('26', '7'),
    ('39', '16'),
    ('15', '8'),
    ('22', '3'),
    ('33', '2'),
    ('29', '9'),
    ('27', '7'),
    ('18', '3'),
    ('9', '5'),
    ('24', '12'),
    ('46', '10'),
    ('12', '20'),
    ('47', '5'),
    ('49', '20'),
    ('12', '8'),
    ('28', '5'),
    ('16', '9'),
    ('20', '19'),
    ('46', '4'),
    ('9', '20'),
    ('47', '5'),
    ('49', '18'),
    ('38', '2'),
    ('5', '6'),
    ('16', '12'),
    ('40', '12'),
    ('46', '1'),
    ('16', '6'),
    ('39', '8'),
    ('22', '11'),
    ('8', '11'),
    ('40', '7'),
    ('46', '4'),
    ('37', '4'),
    ('1', '4'),
    ('32', '8'),
    ('41', '14'),
    ('24', '20'),
    ('40', '1'),
    ('46', '5'),
    ('13', '11'),
    ('25', '5'),
    ('23', '16'),
    ('28', '20'),
    ('50', '5'),
    ('19', '19'),
    ('14', '15'),
    ('18', '10'),
    ('25', '10'),
    ('20', '15'),
    ('32', '8'),
    ('45', '5'),
    ('44', '15'),
    ('38', '16'),
    ('19', '18'),
    ('39', '4'),
    ('7', '2'),
    ('29', '7'),
    ('36', '16'),
    ('26', '10'),
    ('18', '6'),
    ('9', '14'),
    ('30', '17'),
    ('45', '5'),
    ('46', '9'),
    ('23', '9'),
    ('48', '10'),
    ('24', '20'),
    ('14', '4'),
    ('39', '19'),
    ('20', '5'),
    ('43', '18'),
    ('17', '7'),
    ('49', '8'),
    ('15', '8'),
    ('25', '9'),
    ('35', '10'),
    ('27', '18'),
    ('4', '19'),
    ('23', '11'),
    ('7', '10'),
    ('36', '15'),
    ('35', '4'),
    ('10', '6'),
    ('48', '15'),
    ('15', '3'),
    ('36', '13'),
    ('42', '16'),
    ('32', '1'),
    ('26', '3'),
    ('30', '11'),
    ('18', '18'),
    ('46', '10'),
    ('32', '18'),
    ('33', '13'),
    ('19', '14'),
    ('20', '15'),
    ('36', '19'),
    ('8', '6'),
    ('18', '3'),
    ('5', '11'),
    ('15', '11'),
    ('18', '7'),
    ('37', '18'),
    ('49', '17'),
    ('18', '17'),
    ('4', '11'),
    ('40', '2'),
    ('33', '11'),
    ('26', '15'),
    ('22', '7'),
    ('25', '13'),
    ('23', '3'),
    ('23', '13'),
    ('38', '15'),
    ('16', '2'),
    ('1', '7'),
    ('7', '16'),
    ('26', '7'),
    ('12', '3'),
    ('23', '12'),
    ('20', '9'),
    ('35', '15'),
    ('7', '1'),
    ('24', '16'),
    ('5', '15'),
    ('17', '12'),
    ('15', '20'),
    ('50', '19'),
    ('10', '7'),
    ('45', '10'),
    ('9', '12'),
    ('43', '13'),
    ('15', '17'),
    ('4', '6'),
    ('47', '18'),
    ('43', '18'),
    ('4', '4'),
    ('32', '4'),
    ('39', '4'),
    ('30', '19'),
    ('10', '10'),
    ('36', '2'),
    ('24', '11'),
    ('1', '15'),
    ('19', '8'),
    ('32', '10'),
    ('22', '13'),
    ('9', '3'),
    ('23', '3'),
    ('21', '3'),
    ('43', '4'),
    ('16', '18'),
    ('11', '3'),
    ('21', '15'),
    ('33', '13'),
    ('25', '2'),
    ('14', '1'),
    ('34', '6'),
    ('14', '6'),
    ('40', '8'),
    ('3', '4'),
    ('35', '8'),
    ('11', '10'),
    ('1', '13'),
    ('39', '6'),
    ('27', '18'),
    ('30', '10'),
    ('15', '7'),
    ('28', '3'),
    ('2', '2'),
    ('14', '1'),
    ('29', '17'),
    ('46', '17'),
    ('3', '3'),
    ('44', '13'),
    ('27', '12'),
    ('34', '18'),
    ('50', '14'),
    ('46', '11'),
    ('22', '9'),
    ('40', '7'),
    ('38', '18'),
    ('42', '1'),
    ('50', '9'),
    ('10', '10'),
    ('33', '7'),
    ('23', '11'),
    ('30', '17'),
    ('45', '1'),
    ('6', '18'),
    ('31', '19'),
    ('40', '8'),
    ('11', '7'),
    ('2', '4'),
    ('6', '20'),
    ('19', '19'),
    ('19', '20'),
    ('26', '5'),
    ('2', '5'),
    ('38', '3'),
    ('19', '17'),
    ('49', '20'),
    ('44', '6'),
    ('23', '7'),
    ('14', '11'),
    ('14', '7'),
    ('21', '2'),
    ('48', '2'),
    ('46', '19'),
    ('24', '18'),
    ('46', '17'),
    ('20', '19'),
    ('33', '4'),
    ('50', '7'),
    ('24', '14'),
    ('42', '16'),
    ('19', '9'),
    ('31', '12'),
    ('31', '11'),
    ('17', '8'),
    ('27', '8'),
    ('13', '7'),
    ('1', '10'),
    ('37', '14'),
    ('40', '9'),
    ('1', '17'),
    ('44', '5'),
    ('48', '7'),
    ('31', '4'),
    ('44', '1'),
    ('21', '3'),
    ('18', '4'),
    ('25', '4'),
    ('10', '1'),
    ('16', '18'),
    ('29', '11'),
    ('12', '20'),
    ('3', '3'),
    ('5', '17'),
    ('50', '10'),
    ('32', '20'),
    ('50', '17'),
    ('13', '2'),
    ('19', '16'),
    ('43', '12'),
    ('23', '18'),
    ('12', '8'),
    ('22', '9'),
    ('18', '12'),
    ('17', '7'),
    ('23', '9'),
    ('19', '15'),
    ('38', '4'),
    ('39', '11'),
    ('40', '19'),
    ('35', '15'),
    ('24', '10'),
    ('11', '15'),
    ('2', '8'),
    ('15', '1'),
    ('11', '11'),
    ('21', '7'),
    ('24', '14'),
    ('31', '14'),
    ('20', '14'),
    ('47', '13'),
    ('20', '14'),
    ('26', '16'),
    ('9', '15'),
    ('32', '18'),
    ('35', '18'),
    ('21', '17'),
    ('32', '3'),
    ('42', '11'),
    ('38', '6'),
    ('16', '12'),
    ('5', '11'),
    ('22', '7'),
    ('35', '20'),
    ('19', '16'),
    ('32', '10'),
    ('23', '1'),
    ('2', '20'),
    ('40', '3'),
    ('32', '14'),
    ('19', '18'),
    ('18', '12'),
    ('6', '15'),
    ('6', '17'),
    ('31', '20'),
    ('11', '20'),
    ('24', '6'),
    ('22', '14'),
    ('32', '1'),
    ('4', '17'),
    ('47', '8'),
    ('33', '14'),
    ('11', '11'),
    ('39', '15'),
    ('25', '7'),
    ('46', '13'),
    ('28', '16'),
    ('46', '16'),
    ('16', '14'),
    ('49', '12'),
    ('33', '5'),
    ('26', '20'),
    ('12', '9'),
    ('27', '9'),
    ('47', '7'),
    ('32', '13'),
    ('17', '15'),
    ('45', '15'),
    ('14', '15'),
    ('19', '12'),
    ('18', '7'),
    ('2', '2'),
    ('43', '17'),
    ('39', '5'),
    ('24', '20'),
    ('1', '16'),
    ('36', '8'),
    ('13', '8'),
    ('31', '19'),
    ('50', '19'),
    ('7', '19'),
    ('41', '8'),
    ('11', '1'),
    ('45', '17'),
    ('12', '8'),
    ('5', '15'),
    ('1', '14'),
    ('41', '2'),
    ('42', '7'),
    ('30', '19'),
    ('43', '11'),
    ('18', '15'),
    ('30', '16'),
    ('4', '7'),
    ('18', '1'),
    ('17', '1'),
    ('27', '8'),
    ('14', '18'),
    ('40', '13'),
    ('36', '4'),
    ('9', '17'),
    ('27', '5'),
    ('48', '2'),
    ('26', '8'),
    ('23', '14'),
    ('41', '8'),
    ('14', '12'),
    ('8', '3'),
    ('47', '7'),
    ('14', '3'),
    ('43', '8'),
    ('33', '17'),
    ('28', '16'),
    ('25', '16'),
    ('9', '1'),
    ('24', '11'),
    ('38', '20'),
    ('30', '13'),
    ('34', '10'),
    ('24', '9'),
    ('32', '9'),
    ('37', '17'),
    ('37', '14'),
    ('48', '11'),
    ('28', '13'),
    ('42', '6'),
    ('17', '19'),
    ('1', '8'),
    ('33', '6'),
    ('10', '11'),
    ('38', '5'),
    ('34', '4'),
    ('3', '8'),
    ('24', '6'),
    ('21', '16'),
    ('44', '14'),
    ('43', '4'),
    ('24', '9'),
    ('20', '10'),
    ('44', '3'),
    ('17', '9'),
    ('29', '18'),
    ('33', '16'),
    ('36', '10'),
    ('23', '12'),
    ('23', '2'),
    ('11', '17'),
    ('29', '7'),
    ('42', '9'),
    ('46', '18'),
    ('22', '3'),
    ('24', '2'),
    ('43', '18'),
    ('13', '13'),
    ('11', '1'),
    ('14', '13'),
    ('13', '4'),
    ('16', '3'),
    ('28', '15'),
    ('46', '18'),
    ('24', '8'),
    ('29', '6'),
    ('30', '13'),
    ('6', '4'),
    ('3', '20'),
    ('24', '19'),
    ('28', '2'),
    ('28', '15'),
    ('41', '17'),
    ('18', '15'),
    ('41', '12'),
    ('25', '15'),
    ('46', '11'),
    ('15', '6'),
    ('1', '15'),
    ('6', '8'),
    ('2', '17'),
    ('43', '19'),
    ('50', '9'),
    ('2', '12'),
    ('18', '4'),
    ('36', '4'),
    ('38', '14'),
    ('22', '18'),
    ('5', '6'),
    ('29', '9'),
    ('19', '6'),
    ('21', '4'),
    ('18', '10'),
    ('39', '6'),
    ('28', '1'),
    ('47', '5'),
    ('40', '3'),
    ('11', '16'),
    ('1', '13'),
    ('48', '14'),
    ('36', '8'),
    ('23', '1'),
    ('48', '8'),
    ('26', '7'),
    ('8', '5'),
    ('44', '18'),
    ('47', '15'),
    ('37', '1'),
    ('2', '3'),
    ('1', '5'),
    ('6', '7'),
    ('42', '14'),
    ('45', '10'),
    ('7', '6'),
    ('21', '15'),
    ('29', '2'),
    ('7', '13'),
    ('12', '7'),
    ('29', '4'),
    ('31', '19'),
    ('38', '3'),
    ('20', '5'),
    ('26', '12'),
    ('1', '2'),
    ('20', '8'),
    ('30', '17'),
    ('31', '1'),
    ('35', '10'),
    ('2', '12'),
    ('24', '5'),
    ('6', '17'),
    ('35', '16'),
    ('42', '16'),
    ('26', '17'),
    ('35', '12'),
    ('48', '8'),
    ('32', '18'),
    ('16', '18'),
    ('30', '8'),
    ('4', '11'),
    ('22', '5'),
    ('35', '17'),
    ('15', '8'),
    ('14', '4'),
    ('41', '18'),
    ('3', '3'),
    ('46', '9'),
    ('47', '2'),
    ('44', '12'),
    ('43', '14'),
    ('48', '14'),
    ('16', '13'),
    ('34', '4'),
    ('47', '9'),
    ('25', '13'),
    ('29', '20'),
    ('22', '1'),
    ('18', '8'),
    ('46', '4'),
    ('4', '3'),
    ('28', '8'),
    ('20', '1'),
    ('50', '2'),
    ('32', '8'),
    ('9', '20'),
    ('31', '15'),
    ('45', '3'),
    ('1', '19'),
    ('42', '20'),
    ('46', '17'),
    ('38', '3'),
    ('8', '12'),
    ('8', '17'),
    ('41', '18'),
    ('30', '13'),
    ('44', '14'),
    ('36', '15'),
    ('46', '10'),
    ('32', '2'),
    ('12', '8'),
    ('46', '7'),
    ('8', '11'),
    ('10', '7'),
    ('8', '12'),
    ('12', '9'),
    ('35', '7'),
    ('9', '17'),
    ('8', '2'),
    ('22', '13'),
    ('31', '14'),
    ('10', '3'),
    ('11', '2'),
    ('9', '13'),
    ('2', '3'),
    ('16', '3'),
    ('4', '8'),
    ('37', '20'),
    ('7', '18'),
    ('30', '17'),
    ('19', '10'),
    ('32', '6'),
    ('24', '19'),
    ('46', '6'),
    ('34', '16'),
    ('38', '9'),
    ('38', '14'),
    ('14', '6'),
    ('23', '6'),
    ('29', '4'),
    ('33', '1'),
    ('50', '12'),
    ('35', '8'),
    ('46', '11'),
    ('4', '6'),
    ('33', '2'),
    ('2', '1'),
    ('48', '12'),
    ('26', '16'),
    ('26', '8'),
    ('9', '2'),
    ('29', '6'),
    ('29', '14'),
    ('11', '8'),
    ('21', '10'),
    ('13', '2'),
    ('24', '18'),
    ('35', '18'),
    ('45', '3'),
    ('10', '16'),
    ('25', '7'),
    ('31', '7'),
    ('40', '17'),
    ('37', '16'),
    ('23', '12'),
    ('5', '15'),
    ('4', '14'),
    ('18', '1'),
    ('36', '7'),
    ('39', '4'),
    ('41', '10'),
    ('5', '12'),
    ('10', '8'),
    ('43', '2'),
    ('42', '6');
TRUNCATE TABLE Customer_1045;
INSERT INTO Customer_1045 (customer_id, product_key)
VALUES
    ('39', '7'),
    ('7', '17'),
    ('21', '1'),
    ('21', '14'),
    ('4', '18'),
    ('12', '8'),
    ('33', '9'),
    ('40', '11'),
    ('12', '1'),
    ('27', '19'),
    ('23', '10'),
    ('28', '12'),
    ('20', '7'),
    ('40', '12'),
    ('19', '8'),
    ('44', '7'),
    ('5', '7'),
    ('40', '9'),
    ('44', '18'),
    ('40', '2'),
    ('44', '20'),
    ('37', '10'),
    ('31', '17'),
    ('25', '19'),
    ('7', '16'),
    ('48', '10'),
    ('22', '16'),
    ('42', '1'),
    ('30', '19'),
    ('12', '16'),
    ('48', '3'),
    ('49', '14'),
    ('10', '16'),
    ('28', '8'),
    ('46', '7'),
    ('37', '19'),
    ('27', '9'),
    ('20', '15'),
    ('36', '1'),
    ('40', '14'),
    ('33', '9'),
    ('26', '1'),
    ('45', '13'),
    ('29', '7'),
    ('13', '19'),
    ('2', '9'),
    ('46', '20'),
    ('4', '8'),
    ('17', '8'),
    ('11', '2'),
    ('46', '2'),
    ('33', '1'),
    ('49', '14'),
    ('7', '1'),
    ('42', '20'),
    ('11', '7'),
    ('4', '18'),
    ('5', '15'),
    ('6', '8'),
    ('15', '13'),
    ('9', '14'),
    ('22', '18'),
    ('4', '3'),
    ('44', '7'),
    ('10', '2'),
    ('1', '14'),
    ('50', '17'),
    ('4', '19'),
    ('24', '16'),
    ('15', '18'),
    ('22', '14'),
    ('46', '17'),
    ('9', '7'),
    ('27', '19'),
    ('33', '7'),
    ('16', '13'),
    ('28', '19'),
    ('3', '14'),
    ('30', '14'),
    ('24', '11'),
    ('17', '14'),
    ('28', '17'),
    ('38', '1'),
    ('12', '17'),
    ('16', '10'),
    ('10', '15'),
    ('10', '12'),
    ('20', '10'),
    ('12', '7'),
    ('29', '2'),
    ('20', '3'),
    ('41', '1'),
    ('17', '9'),
    ('11', '20'),
    ('34', '11'),
    ('36', '7'),
    ('2', '20'),
    ('46', '18'),
    ('24', '1'),
    ('50', '17'),
    ('46', '14'),
    ('31', '19'),
    ('25', '10'),
    ('36', '14'),
    ('37', '1'),
    ('38', '12'),
    ('30', '11'),
    ('9', '10'),
    ('49', '1'),
    ('35', '12'),
    ('42', '19'),
    ('12', '17'),
    ('27', '13'),
    ('17', '3'),
    ('39', '17'),
    ('5', '2'),
    ('26', '2'),
    ('7', '20'),
    ('12', '12'),
    ('14', '19'),
    ('9', '17'),
    ('38', '15'),
    ('23', '20'),
    ('14', '17'),
    ('4', '11'),
    ('48', '13'),
    ('31', '18'),
    ('8', '9'),
    ('29', '11'),
    ('16', '8'),
    ('17', '10'),
    ('32', '20'),
    ('44', '12'),
    ('42', '10'),
    ('45', '18'),
    ('25', '9'),
    ('30', '13'),
    ('47', '3'),
    ('38', '2'),
    ('43', '10'),
    ('22', '13'),
    ('36', '18'),
    ('42', '9'),
    ('14', '15'),
    ('48', '14'),
    ('42', '9'),
    ('19', '15'),
    ('13', '11'),
    ('29', '19'),
    ('16', '20'),
    ('5', '3'),
    ('41', '8'),
    ('14', '12'),
    ('22', '16'),
    ('37', '11'),
    ('5', '7'),
    ('50', '10'),
    ('29', '1'),
    ('18', '12'),
    ('17', '11'),
    ('10', '11'),
    ('37', '1'),
    ('44', '8'),
    ('41', '12'),
    ('26', '17'),
    ('34', '3'),
    ('47', '9'),
    ('26', '9'),
    ('35', '11'),
    ('13', '3'),
    ('15', '10'),
    ('31', '2'),
    ('12', '1'),
    ('6', '3'),
    ('43', '20'),
    ('23', '15'),
    ('41', '19'),
    ('33', '16'),
    ('16', '9'),
    ('27', '16'),
    ('46', '3'),
    ('21', '15'),
    ('7', '12'),
    ('30', '13'),
    ('7', '17'),
    ('29', '8'),
    ('4', '10'),
    ('29', '2'),
    ('40', '9'),
    ('25', '15'),
    ('4', '2'),
    ('18', '12'),
    ('42', '9'),
    ('40', '8'),
    ('15', '19'),
    ('44', '3'),
    ('39', '2'),
    ('35', '1'),
    ('47', '2'),
    ('3', '3'),
    ('30', '10'),
    ('21', '1'),
    ('5', '2'),
    ('23', '11'),
    ('2', '3'),
    ('28', '7'),
    ('3', '11'),
    ('4', '9'),
    ('19', '8'),
    ('13', '10'),
    ('16', '12'),
    ('20', '19'),
    ('2', '18'),
    ('27', '12'),
    ('18', '14'),
    ('35', '8'),
    ('30', '17'),
    ('12', '9'),
    ('49', '7'),
    ('36', '17'),
    ('4', '7'),
    ('49', '3'),
    ('41', '11'),
    ('11', '9'),
    ('35', '8'),
    ('20', '11'),
    ('27', '9'),
    ('11', '2'),
    ('31', '12'),
    ('46', '1'),
    ('37', '13'),
    ('39', '11'),
    ('42', '15'),
    ('2', '13'),
    ('35', '19'),
    ('46', '8'),
    ('42', '8'),
    ('2', '18'),
    ('26', '7'),
    ('17', '8'),
    ('49', '2'),
    ('35', '12'),
    ('49', '13'),
    ('11', '19'),
    ('25', '11'),
    ('32', '3'),
    ('41', '14'),
    ('42', '11'),
    ('40', '11'),
    ('23', '8'),
    ('19', '1'),
    ('25', '17'),
    ('1', '7'),
    ('21', '13'),
    ('39', '12'),
    ('17', '15'),
    ('9', '12'),
    ('42', '20'),
    ('18', '16'),
    ('21', '20'),
    ('33', '17'),
    ('8', '7'),
    ('43', '2'),
    ('13', '15'),
    ('25', '1'),
    ('17', '20'),
    ('3', '12'),
    ('33', '15'),
    ('28', '15'),
    ('21', '12'),
    ('45', '1'),
    ('23', '18'),
    ('45', '8'),
    ('38', '11'),
    ('39', '16'),
    ('27', '10'),
    ('28', '14'),
    ('42', '9'),
    ('42', '10'),
    ('8', '1'),
    ('46', '9'),
    ('32', '1'),
    ('25', '17'),
    ('17', '3'),
    ('4', '17'),
    ('34', '1'),
    ('14', '13'),
    ('49', '2'),
    ('3', '15'),
    ('7', '16'),
    ('5', '10'),
    ('6', '7'),
    ('35', '19'),
    ('5', '9'),
    ('34', '1'),
    ('33', '9'),
    ('10', '13'),
    ('43', '11'),
    ('36', '20'),
    ('10', '18'),
    ('12', '7'),
    ('42', '17'),
    ('39', '1'),
    ('40', '1'),
    ('9', '20'),
    ('3', '2'),
    ('42', '7'),
    ('11', '11'),
    ('44', '7'),
    ('3', '16'),
    ('24', '8'),
    ('50', '13'),
    ('33', '16'),
    ('18', '10'),
    ('2', '20'),
    ('41', '8'),
    ('22', '16'),
    ('35', '1'),
    ('34', '8'),
    ('38', '15'),
    ('40', '9'),
    ('25', '9'),
    ('43', '3'),
    ('40', '19'),
    ('37', '19'),
    ('39', '10'),
    ('11', '13'),
    ('40', '20'),
    ('42', '18'),
    ('41', '16'),
    ('3', '14'),
    ('28', '1'),
    ('1', '11'),
    ('32', '17'),
    ('44', '9'),
    ('31', '7'),
    ('32', '3'),
    ('47', '7'),
    ('44', '1'),
    ('28', '10'),
    ('8', '12'),
    ('22', '19'),
    ('9', '13'),
    ('33', '3'),
    ('33', '3'),
    ('10', '1'),
    ('13', '12'),
    ('16', '12'),
    ('40', '7'),
    ('49', '18'),
    ('23', '1'),
    ('35', '9'),
    ('38', '17'),
    ('9', '3'),
    ('5', '17'),
    ('14', '20'),
    ('11', '13'),
    ('6', '2'),
    ('50', '17'),
    ('11', '7'),
    ('42', '7'),
    ('43', '13'),
    ('23', '14'),
    ('48', '15'),
    ('44', '7'),
    ('20', '16'),
    ('41', '9'),
    ('13', '7'),
    ('49', '7'),
    ('34', '2'),
    ('18', '11'),
    ('48', '17'),
    ('45', '20'),
    ('18', '18'),
    ('45', '12'),
    ('49', '14'),
    ('27', '19'),
    ('41', '10'),
    ('24', '7'),
    ('41', '20'),
    ('13', '3'),
    ('21', '17'),
    ('47', '18'),
    ('16', '18'),
    ('14', '18'),
    ('16', '11'),
    ('14', '15'),
    ('2', '16'),
    ('32', '18'),
    ('44', '16'),
    ('18', '9'),
    ('44', '2'),
    ('49', '13'),
    ('30', '13'),
    ('38', '19'),
    ('30', '18'),
    ('26', '8'),
    ('1', '3'),
    ('9', '15'),
    ('36', '11'),
    ('34', '3'),
    ('6', '16'),
    ('29', '10'),
    ('32', '16'),
    ('11', '10'),
    ('25', '18'),
    ('8', '8'),
    ('32', '13'),
    ('1', '18'),
    ('40', '15'),
    ('43', '1'),
    ('39', '3'),
    ('45', '20'),
    ('30', '13'),
    ('42', '1'),
    ('44', '20'),
    ('28', '18'),
    ('6', '17'),
    ('38', '8'),
    ('19', '15'),
    ('31', '9'),
    ('3', '18'),
    ('13', '12'),
    ('8', '18'),
    ('12', '16'),
    ('2', '16'),
    ('26', '16'),
    ('8', '17'),
    ('41', '7'),
    ('43', '9'),
    ('22', '15'),
    ('12', '19'),
    ('13', '16'),
    ('12', '14'),
    ('34', '16'),
    ('27', '17'),
    ('9', '13'),
    ('29', '11'),
    ('41', '8'),
    ('11', '9'),
    ('16', '8'),
    ('50', '2'),
    ('32', '17'),
    ('50', '2'),
    ('29', '11'),
    ('40', '2'),
    ('42', '20'),
    ('28', '14'),
    ('18', '13'),
    ('40', '9'),
    ('17', '20'),
    ('30', '17'),
    ('4', '18'),
    ('42', '1'),
    ('22', '17'),
    ('28', '10'),
    ('36', '14'),
    ('15', '11'),
    ('22', '9'),
    ('29', '16'),
    ('39', '13'),
    ('21', '10'),
    ('3', '8'),
    ('23', '17'),
    ('30', '16'),
    ('17', '7'),
    ('1', '8'),
    ('17', '12'),
    ('17', '17'),
    ('29', '19'),
    ('38', '13'),
    ('32', '2'),
    ('34', '3'),
    ('20', '17'),
    ('40', '10'),
    ('22', '11'),
    ('33', '15'),
    ('13', '13'),
    ('7', '3'),
    ('38', '9'),
    ('5', '8'),
    ('43', '18'),
    ('22', '1'),
    ('45', '8'),
    ('28', '18'),
    ('16', '17'),
    ('49', '2'),
    ('25', '7'),
    ('47', '20'),
    ('17', '19'),
    ('29', '2'),
    ('18', '10'),
    ('1', '16'),
    ('17', '17'),
    ('32', '1'),
    ('25', '17'),
    ('49', '7'),
    ('16', '11'),
    ('22', '11'),
    ('30', '19'),
    ('7', '14'),
    ('38', '7'),
    ('13', '2'),
    ('15', '9'),
    ('6', '14'),
    ('29', '2'),
    ('5', '8'),
    ('41', '11'),
    ('22', '17'),
    ('34', '18'),
    ('48', '2'),
    ('14', '18'),
    ('38', '7'),
    ('10', '11'),
    ('41', '10'),
    ('5', '13'),
    ('37', '8'),
    ('26', '10'),
    ('31', '12'),
    ('15', '16'),
    ('18', '2'),
    ('45', '1'),
    ('44', '9'),
    ('27', '11'),
    ('28', '14'),
    ('24', '9'),
    ('26', '7'),
    ('20', '14'),
    ('49', '18'),
    ('10', '17'),
    ('6', '18'),
    ('17', '9'),
    ('37', '16'),
    ('43', '8'),
    ('19', '3'),
    ('16', '2'),
    ('3', '3'),
    ('48', '1'),
    ('29', '7'),
    ('23', '13'),
    ('1', '11'),
    ('47', '12'),
    ('42', '15'),
    ('37', '15'),
    ('3', '10'),
    ('36', '19'),
    ('41', '3'),
    ('35', '12'),
    ('32', '3'),
    ('46', '12'),
    ('28', '12'),
    ('20', '19'),
    ('2', '8'),
    ('42', '19'),
    ('7', '15'),
    ('29', '2'),
    ('34', '13'),
    ('36', '20'),
    ('8', '16'),
    ('48', '16'),
    ('7', '16'),
    ('25', '12'),
    ('17', '1'),
    ('39', '7'),
    ('19', '18'),
    ('16', '3'),
    ('16', '14'),
    ('32', '17'),
    ('38', '1'),
    ('5', '11'),
    ('31', '12'),
    ('45', '3'),
    ('15', '8'),
    ('17', '12'),
    ('23', '11'),
    ('22', '12'),
    ('41', '8'),
    ('36', '1'),
    ('27', '7'),
    ('5', '20'),
    ('15', '3'),
    ('5', '9'),
    ('48', '7'),
    ('39', '2'),
    ('34', '19'),
    ('48', '11'),
    ('14', '7'),
    ('3', '10'),
    ('31', '9'),
    ('36', '18'),
    ('11', '13'),
    ('20', '11'),
    ('6', '16'),
    ('48', '16'),
    ('49', '20'),
    ('13', '3'),
    ('24', '8'),
    ('29', '1'),
    ('12', '2'),
    ('36', '17'),
    ('19', '17'),
    ('20', '16'),
    ('31', '19'),
    ('12', '11'),
    ('44', '12'),
    ('23', '20'),
    ('10', '9'),
    ('38', '20'),
    ('39', '14'),
    ('12', '18'),
    ('20', '1'),
    ('13', '13'),
    ('41', '2'),
    ('44', '13'),
    ('39', '18'),
    ('25', '20'),
    ('32', '10'),
    ('5', '20'),
    ('42', '7'),
    ('50', '7'),
    ('32', '7'),
    ('33', '2'),
    ('25', '2'),
    ('11', '15'),
    ('32', '9'),
    ('18', '8'),
    ('16', '10'),
    ('5', '17'),
    ('26', '14'),
    ('37', '15'),
    ('36', '12'),
    ('16', '8'),
    ('49', '7'),
    ('41', '7'),
    ('43', '14'),
    ('11', '2'),
    ('9', '11'),
    ('35', '7'),
    ('7', '12'),
    ('12', '9'),
    ('47', '14'),
    ('35', '12'),
    ('16', '12'),
    ('39', '3'),
    ('39', '1'),
    ('23', '11'),
    ('10', '19'),
    ('45', '20'),
    ('12', '14'),
    ('30', '12'),
    ('7', '9'),
    ('37', '10'),
    ('42', '10'),
    ('1', '18'),
    ('35', '20'),
    ('17', '3'),
    ('28', '14'),
    ('41', '8'),
    ('15', '9'),
    ('38', '1'),
    ('1', '1'),
    ('6', '10'),
    ('10', '14'),
    ('11', '1'),
    ('39', '10'),
    ('27', '12'),
    ('36', '11'),
    ('6', '17'),
    ('17', '19'),
    ('34', '19'),
    ('11', '15'),
    ('7', '19'),
    ('34', '17'),
    ('23', '13'),
    ('47', '15'),
    ('14', '15'),
    ('40', '10'),
    ('23', '20'),
    ('22', '8'),
    ('45', '8'),
    ('6', '11'),
    ('25', '1'),
    ('19', '3'),
    ('28', '13'),
    ('14', '9'),
    ('40', '13'),
    ('36', '13'),
    ('31', '3'),
    ('3', '2'),
    ('7', '18'),
    ('17', '16'),
    ('33', '20'),
    ('14', '19'),
    ('46', '1'),
    ('23', '17'),
    ('40', '1'),
    ('22', '19'),
    ('4', '13'),
    ('44', '11'),
    ('11', '13'),
    ('11', '17'),
    ('41', '17'),
    ('3', '10'),
    ('36', '10'),
    ('10', '13'),
    ('49', '2'),
    ('14', '12'),
    ('37', '8'),
    ('46', '16'),
    ('16', '13'),
    ('36', '14'),
    ('49', '10'),
    ('6', '14'),
    ('10', '12'),
    ('49', '3'),
    ('49', '18'),
    ('41', '16'),
    ('16', '18'),
    ('18', '2'),
    ('27', '16'),
    ('7', '15'),
    ('29', '20'),
    ('40', '13'),
    ('38', '18'),
    ('12', '19'),
    ('37', '14'),
    ('18', '7'),
    ('42', '12'),
    ('34', '10'),
    ('5', '17'),
    ('23', '18'),
    ('37', '13'),
    ('24', '15'),
    ('33', '12'),
    ('39', '19'),
    ('43', '20'),
    ('31', '13'),
    ('38', '11'),
    ('14', '12'),
    ('8', '12'),
    ('19', '11'),
    ('47', '14'),
    ('8', '20'),
    ('40', '14'),
    ('47', '9'),
    ('28', '10'),
    ('18', '12'),
    ('34', '19'),
    ('12', '8'),
    ('47', '2'),
    ('40', '2'),
    ('31', '13'),
    ('18', '12'),
    ('22', '1'),
    ('16', '17'),
    ('2', '9'),
    ('20', '16'),
    ('22', '10'),
    ('36', '11'),
    ('3', '8'),
    ('23', '13'),
    ('37', '2'),
    ('50', '16'),
    ('22', '15'),
    ('41', '2'),
    ('45', '12'),
    ('34', '3'),
    ('7', '11'),
    ('1', '15'),
    ('34', '3'),
    ('1', '7'),
    ('30', '20'),
    ('43', '3'),
    ('36', '9'),
    ('17', '7'),
    ('16', '15'),
    ('16', '12'),
    ('7', '20'),
    ('25', '15'),
    ('8', '12'),
    ('1', '20'),
    ('23', '2'),
    ('2', '14'),
    ('12', '19'),
    ('43', '13'),
    ('27', '1'),
    ('39', '18'),
    ('13', '16'),
    ('32', '20'),
    ('32', '19'),
    ('15', '7'),
    ('35', '7'),
    ('12', '2'),
    ('3', '17'),
    ('7', '14'),
    ('41', '7'),
    ('35', '9'),
    ('29', '19'),
    ('16', '14'),
    ('20', '12'),
    ('10', '3'),
    ('4', '2'),
    ('33', '12'),
    ('7', '15'),
    ('38', '11'),
    ('47', '7'),
    ('9', '17'),
    ('28', '2'),
    ('37', '12'),
    ('25', '1'),
    ('34', '15'),
    ('17', '16'),
    ('38', '18'),
    ('10', '9'),
    ('5', '19'),
    ('40', '3'),
    ('13', '17'),
    ('32', '7'),
    ('41', '18'),
    ('34', '2'),
    ('8', '16'),
    ('48', '12'),
    ('19', '17'),
    ('41', '2'),
    ('22', '2'),
    ('44', '2'),
    ('20', '18'),
    ('15', '10'),
    ('1', '2'),
    ('16', '8'),
    ('34', '18'),
    ('24', '1'),
    ('31', '13'),
    ('4', '9'),
    ('35', '16'),
    ('5', '20'),
    ('24', '11'),
    ('47', '11'),
    ('43', '9'),
    ('25', '13'),
    ('11', '19'),
    ('36', '13'),
    ('32', '15'),
    ('2', '14'),
    ('19', '7'),
    ('23', '7'),
    ('8', '19'),
    ('24', '8'),
    ('36', '1'),
    ('42', '17'),
    ('5', '13'),
    ('22', '14'),
    ('47', '16'),
    ('7', '16'),
    ('29', '19'),
    ('5', '14'),
    ('8', '7'),
    ('34', '14'),
    ('34', '11'),
    ('25', '13'),
    ('2', '9'),
    ('25', '11'),
    ('30', '11'),
    ('8', '12'),
    ('6', '16'),
    ('38', '8'),
    ('13', '15'),
    ('4', '15'),
    ('11', '3'),
    ('12', '7'),
    ('20', '1'),
    ('33', '17'),
    ('2', '16'),
    ('20', '19'),
    ('33', '10'),
    ('39', '11'),
    ('26', '14'),
    ('35', '14'),
    ('8', '11'),
    ('29', '20'),
    ('13', '19'),
    ('45', '15'),
    ('22', '7'),
    ('5', '15'),
    ('23', '8'),
    ('37', '18'),
    ('35', '11'),
    ('15', '19'),
    ('23', '8'),
    ('47', '8'),
    ('46', '1'),
    ('6', '1'),
    ('39', '3'),
    ('43', '3'),
    ('25', '15'),
    ('3', '13'),
    ('10', '12'),
    ('43', '11'),
    ('11', '9'),
    ('4', '7'),
    ('48', '19'),
    ('26', '7'),
    ('4', '3'),
    ('47', '8'),
    ('28', '20'),
    ('41', '15'),
    ('47', '14'),
    ('40', '19'),
    ('44', '16'),
    ('17', '2'),
    ('13', '15'),
    ('45', '1'),
    ('26', '17'),
    ('14', '15'),
    ('22', '15'),
    ('49', '11'),
    ('2', '17'),
    ('22', '3'),
    ('42', '17'),
    ('11', '14'),
    ('46', '11'),
    ('11', '19'),
    ('12', '19'),
    ('12', '7'),
    ('38', '19'),
    ('35', '1'),
    ('4', '20'),
    ('17', '11'),
    ('43', '13'),
    ('5', '1'),
    ('38', '15'),
    ('24', '13'),
    ('37', '13'),
    ('27', '15'),
    ('43', '20'),
    ('16', '15'),
    ('31', '12'),
    ('28', '19'),
    ('4', '10'),
    ('36', '7'),
    ('41', '1'),
    ('24', '17'),
    ('4', '17'),
    ('9', '20'),
    ('29', '3'),
    ('8', '16'),
    ('42', '20'),
    ('24', '15'),
    ('7', '16'),
    ('2', '19'),
    ('17', '10'),
    ('9', '11'),
    ('40', '11'),
    ('35', '3'),
    ('12', '17'),
    ('18', '11'),
    ('7', '15'),
    ('4', '18'),
    ('39', '2'),
    ('13', '20'),
    ('8', '18'),
    ('35', '2'),
    ('44', '11'),
    ('4', '18'),
    ('7', '17'),
    ('27', '3'),
    ('16', '17'),
    ('30', '3'),
    ('20', '12'),
    ('3', '7'),
    ('47', '9'),
    ('46', '2'),
    ('37', '15'),
    ('23', '8'),
    ('30', '14'),
    ('14', '17'),
    ('17', '18'),
    ('29', '14'),
    ('36', '10'),
    ('21', '15'),
    ('8', '16'),
    ('8', '12'),
    ('3', '3'),
    ('13', '2'),
    ('25', '7'),
    ('29', '10'),
    ('7', '16'),
    ('35', '13'),
    ('33', '9'),
    ('17', '1'),
    ('5', '8'),
    ('45', '13'),
    ('18', '13'),
    ('4', '9'),
    ('30', '19'),
    ('20', '15'),
    ('40', '11'),
    ('38', '14'),
    ('23', '8'),
    ('31', '3'),
    ('1', '17'),
    ('10', '1'),
    ('27', '3'),
    ('14', '8'),
    ('22', '3'),
    ('31', '16'),
    ('16', '9'),
    ('38', '17'),
    ('50', '20'),
    ('4', '19'),
    ('18', '18'),
    ('1', '3'),
    ('45', '18'),
    ('36', '11'),
    ('24', '18'),
    ('16', '11'),
    ('23', '13'),
    ('10', '16'),
    ('21', '18'),
    ('36', '19'),
    ('29', '12'),
    ('44', '17'),
    ('1', '13'),
    ('44', '10'),
    ('48', '12'),
    ('12', '1'),
    ('19', '15'),
    ('6', '14'),
    ('44', '10'),
    ('18', '20'),
    ('38', '18'),
    ('29', '11'),
    ('44', '10'),
    ('8', '18'),
    ('23', '11'),
    ('13', '9'),
    ('45', '11'),
    ('24', '11'),
    ('50', '15'),
    ('13', '15'),
    ('30', '13'),
    ('18', '20'),
    ('44', '14'),
    ('34', '9'),
    ('8', '11'),
    ('46', '10'),
    ('32', '19'),
    ('48', '7'),
    ('8', '10'),
    ('7', '12'),
    ('16', '9'),
    ('36', '17'),
    ('26', '17'),
    ('46', '17'),
    ('22', '14'),
    ('29', '17'),
    ('20', '8'),
    ('11', '17'),
    ('22', '14'),
    ('26', '17'),
    ('45', '20'),
    ('11', '12'),
    ('22', '11'),
    ('48', '2'),
    ('19', '16'),
    ('43', '2'),
    ('12', '14'),
    ('34', '7'),
    ('33', '10'),
    ('45', '20'),
    ('37', '11'),
    ('33', '8'),
    ('25', '20'),
    ('49', '15'),
    ('10', '9'),
    ('23', '11'),
    ('15', '12'),
    ('5', '15'),
    ('4', '7'),
    ('39', '13'),
    ('9', '1'),
    ('21', '17'),
    ('26', '19'),
    ('10', '10'),
    ('44', '12'),
    ('6', '18'),
    ('14', '1'),
    ('16', '7'),
    ('39', '17'),
    ('8', '15'),
    ('26', '20'),
    ('11', '20'),
    ('31', '11'),
    ('46', '3'),
    ('29', '2'),
    ('43', '13'),
    ('13', '17'),
    ('46', '18'),
    ('27', '11'),
    ('39', '3'),
    ('20', '20'),
    ('48', '7'),
    ('12', '13'),
    ('21', '1'),
    ('2', '19'),
    ('6', '16'),
    ('15', '1'),
    ('39', '3'),
    ('2', '17'),
    ('20', '8'),
    ('5', '3'),
    ('26', '16'),
    ('12', '14'),
    ('1', '11'),
    ('39', '7'),
    ('47', '7'),
    ('26', '9'),
    ('13', '1'),
    ('4', '11'),
    ('48', '2'),
    ('2', '1'),
    ('31', '17'),
    ('17', '16'),
    ('5', '19'),
    ('4', '19'),
    ('2', '7'),
    ('49', '16'),
    ('16', '17'),
    ('44', '16'),
    ('8', '1'),
    ('42', '15'),
    ('46', '20'),
    ('30', '15'),
    ('4', '14'),
    ('21', '14'),
    ('47', '14'),
    ('12', '8'),
    ('16', '11'),
    ('45', '2'),
    ('9', '17'),
    ('10', '20'),
    ('22', '2'),
    ('4', '12'),
    ('45', '1'),
    ('27', '1'),
    ('27', '7'),
    ('37', '14'),
    ('2', '2'),
    ('7', '10'),
    ('46', '1'),
    ('24', '17'),
    ('34', '16'),
    ('22', '10'),
    ('3', '18'),
    ('28', '14'),
    ('36', '1'),
    ('36', '11'),
    ('34', '16'),
    ('41', '7'),
    ('32', '20'),
    ('17', '14'),
    ('25', '19'),
    ('8', '16'),
    ('3', '20'),
    ('36', '9'),
    ('14', '11'),
    ('38', '3'),
    ('2', '19'),
    ('47', '16'),
    ('39', '1'),
    ('36', '16'),
    ('4', '1'),
    ('33', '7'),
    ('11', '11'),
    ('17', '18'),
    ('18', '19'),
    ('20', '17'),
    ('7', '1'),
    ('21', '10'),
    ('33', '14'),
    ('12', '2'),
    ('35', '17'),
    ('12', '2'),
    ('3', '12'),
    ('2', '18'),
    ('44', '2'),
    ('45', '14'),
    ('23', '10'),
    ('41', '16'),
    ('49', '9'),
    ('40', '9'),
    ('12', '19'),
    ('26', '2'),
    ('4', '17'),
    ('29', '13'),
    ('40', '19'),
    ('20', '14'),
    ('33', '19'),
    ('36', '1'),
    ('36', '8'),
    ('48', '1'),
    ('22', '9'),
    ('23', '3'),
    ('50', '18'),
    ('47', '16'),
    ('5', '3'),
    ('36', '15'),
    ('18', '11'),
    ('32', '18'),
    ('30', '12'),
    ('25', '8'),
    ('15', '15'),
    ('26', '18'),
    ('44', '10'),
    ('45', '1'),
    ('35', '12'),
    ('33', '14'),
    ('14', '9'),
    ('18', '7'),
    ('38', '8'),
    ('25', '19'),
    ('13', '1'),
    ('16', '1'),
    ('21', '17'),
    ('4', '8'),
    ('50', '12'),
    ('3', '8'),
    ('37', '14'),
    ('40', '15'),
    ('44', '8'),
    ('7', '18'),
    ('15', '14'),
    ('10', '8'),
    ('22', '12'),
    ('34', '9'),
    ('49', '15'),
    ('30', '14'),
    ('8', '18'),
    ('9', '7'),
    ('6', '7'),
    ('35', '7'),
    ('40', '14'),
    ('4', '11'),
    ('24', '8'),
    ('43', '19'),
    ('21', '13'),
    ('31', '9'),
    ('41', '10'),
    ('35', '20'),
    ('38', '7'),
    ('49', '13'),
    ('50', '3'),
    ('44', '16'),
    ('20', '20'),
    ('44', '15'),
    ('2', '20'),
    ('4', '14'),
    ('27', '8'),
    ('50', '19'),
    ('26', '3'),
    ('41', '7'),
    ('3', '3'),
    ('36', '11'),
    ('20', '2'),
    ('36', '8'),
    ('36', '16'),
    ('21', '16'),
    ('42', '10'),
    ('44', '8'),
    ('10', '3'),
    ('24', '17'),
    ('21', '20'),
    ('19', '8'),
    ('38', '20'),
    ('8', '14'),
    ('35', '14'),
    ('15', '3'),
    ('15', '18'),
    ('39', '12'),
    ('20', '20'),
    ('20', '9'),
    ('38', '16'),
    ('31', '1'),
    ('20', '2'),
    ('28', '15'),
    ('32', '2'),
    ('13', '20'),
    ('15', '10'),
    ('20', '16'),
    ('34', '17'),
    ('46', '11'),
    ('48', '2'),
    ('31', '14'),
    ('12', '16'),
    ('32', '1'),
    ('1', '15'),
    ('48', '1'),
    ('50', '8'),
    ('2', '7'),
    ('6', '15'),
    ('42', '7'),
    ('46', '15'),
    ('47', '9'),
    ('39', '2'),
    ('32', '10'),
    ('7', '9'),
    ('2', '8'),
    ('17', '12'),
    ('44', '19'),
    ('13', '2'),
    ('44', '2'),
    ('28', '20'),
    ('16', '17'),
    ('6', '15'),
    ('5', '12'),
    ('29', '3'),
    ('26', '17'),
    ('21', '8'),
    ('46', '20'),
    ('37', '18'),
    ('16', '3'),
    ('6', '12'),
    ('43', '18'),
    ('1', '17'),
    ('44', '2'),
    ('40', '15'),
    ('38', '20'),
    ('13', '18'),
    ('40', '18'),
    ('43', '18'),
    ('30', '16'),
    ('19', '7'),
    ('30', '17'),
    ('34', '15'),
    ('5', '10'),
    ('42', '8'),
    ('39', '2'),
    ('33', '20'),
    ('32', '16'),
    ('22', '13'),
    ('34', '7'),
    ('34', '11'),
    ('28', '2'),
    ('17', '2'),
    ('36', '10'),
    ('39', '16'),
    ('34', '14'),
    ('46', '14'),
    ('32', '13'),
    ('28', '2'),
    ('33', '18'),
    ('49', '13'),
    ('32', '10'),
    ('50', '14'),
    ('40', '9'),
    ('37', '16'),
    ('45', '3'),
    ('50', '15'),
    ('48', '18'),
    ('18', '13'),
    ('16', '8'),
    ('11', '18'),
    ('47', '17'),
    ('39', '14'),
    ('13', '12'),
    ('22', '11'),
    ('49', '10'),
    ('44', '16'),
    ('13', '14'),
    ('30', '9'),
    ('25', '16'),
    ('33', '17'),
    ('25', '20'),
    ('28', '18'),
    ('4', '1'),
    ('29', '12'),
    ('29', '1'),
    ('18', '8'),
    ('26', '1'),
    ('34', '10'),
    ('9', '7'),
    ('31', '1'),
    ('10', '15'),
    ('16', '13'),
    ('15', '11'),
    ('28', '7'),
    ('33', '13'),
    ('37', '13'),
    ('35', '2'),
    ('16', '19'),
    ('6', '8'),
    ('28', '14'),
    ('2', '9'),
    ('30', '2'),
    ('38', '17'),
    ('6', '20'),
    ('5', '10'),
    ('37', '13'),
    ('19', '18'),
    ('31', '1'),
    ('37', '18'),
    ('18', '7'),
    ('20', '12'),
    ('32', '3'),
    ('10', '1'),
    ('32', '9'),
    ('7', '20'),
    ('14', '16'),
    ('4', '16'),
    ('2', '9'),
    ('37', '2'),
    ('20', '11'),
    ('9', '9'),
    ('33', '3'),
    ('18', '7'),
    ('2', '10'),
    ('10', '10'),
    ('15', '13'),
    ('19', '11'),
    ('13', '11'),
    ('10', '8'),
    ('31', '2'),
    ('48', '13'),
    ('10', '19'),
    ('33', '17'),
    ('6', '17'),
    ('9', '12'),
    ('4', '3'),
    ('5', '11'),
    ('48', '2'),
    ('22', '7'),
    ('47', '3'),
    ('35', '14'),
    ('47', '18'),
    ('3', '15'),
    ('26', '19'),
    ('17', '12'),
    ('25', '20'),
    ('35', '18'),
    ('3', '15'),
    ('36', '8'),
    ('26', '11'),
    ('24', '10'),
    ('41', '19'),
    ('21', '12'),
    ('49', '12'),
    ('32', '13'),
    ('5', '7'),
    ('44', '8'),
    ('15', '13'),
    ('12', '13'),
    ('50', '11'),
    ('26', '7'),
    ('9', '1'),
    ('36', '8'),
    ('34', '9'),
    ('9', '19'),
    ('48', '1'),
    ('21', '11'),
    ('33', '12'),
    ('4', '13'),
    ('33', '10'),
    ('13', '3'),
    ('16', '16'),
    ('43', '3'),
    ('44', '15'),
    ('25', '2'),
    ('19', '8'),
    ('2', '3'),
    ('27', '17'),
    ('19', '19'),
    ('30', '20'),
    ('9', '10'),
    ('38', '17'),
    ('23', '18'),
    ('11', '3'),
    ('12', '11'),
    ('40', '11'),
    ('15', '13'),
    ('46', '11'),
    ('27', '9'),
    ('20', '10'),
    ('16', '12'),
    ('4', '1'),
    ('18', '13'),
    ('8', '1'),
    ('10', '19'),
    ('8', '11'),
    ('13', '19'),
    ('15', '14'),
    ('15', '17'),
    ('3', '11'),
    ('45', '8'),
    ('48', '12'),
    ('7', '19'),
    ('10', '13'),
    ('15', '2'),
    ('26', '2'),
    ('15', '12'),
    ('19', '17'),
    ('24', '19'),
    ('41', '9'),
    ('46', '8'),
    ('19', '7'),
    ('33', '8'),
    ('36', '12'),
    ('44', '13'),
    ('14', '12'),
    ('27', '19'),
    ('29', '9'),
    ('22', '7'),
    ('26', '11'),
    ('9', '19'),
    ('19', '16'),
    ('14', '8'),
    ('37', '12'),
    ('12', '14'),
    ('37', '18'),
    ('38', '2'),
    ('8', '20'),
    ('26', '7'),
    ('12', '17'),
    ('5', '16'),
    ('44', '1'),
    ('49', '10'),
    ('39', '12'),
    ('32', '16'),
    ('36', '17'),
    ('28', '15'),
    ('38', '2'),
    ('10', '15'),
    ('35', '13'),
    ('33', '2'),
    ('7', '19'),
    ('30', '20'),
    ('9', '18'),
    ('39', '3'),
    ('41', '2'),
    ('28', '3'),
    ('15', '13'),
    ('41', '8'),
    ('49', '16'),
    ('39', '12'),
    ('50', '17'),
    ('10', '17'),
    ('38', '19'),
    ('39', '16'),
    ('8', '1'),
    ('42', '8'),
    ('18', '17'),
    ('12', '20'),
    ('22', '2'),
    ('30', '10'),
    ('37', '3'),
    ('34', '19'),
    ('39', '11'),
    ('28', '17'),
    ('34', '8'),
    ('25', '19'),
    ('30', '20'),
    ('50', '9'),
    ('28', '11'),
    ('15', '3'),
    ('16', '18'),
    ('25', '18'),
    ('27', '17'),
    ('36', '19'),
    ('21', '20'),
    ('6', '2'),
    ('8', '20'),
    ('34', '17'),
    ('48', '9'),
    ('42', '7'),
    ('26', '13'),
    ('21', '19'),
    ('5', '14'),
    ('31', '15'),
    ('22', '12'),
    ('32', '3'),
    ('24', '1'),
    ('3', '9'),
    ('13', '18'),
    ('4', '3'),
    ('33', '19'),
    ('42', '11'),
    ('17', '7'),
    ('45', '7'),
    ('14', '1'),
    ('1', '10'),
    ('18', '1'),
    ('46', '12'),
    ('6', '13'),
    ('34', '12'),
    ('21', '19'),
    ('34', '20'),
    ('44', '7'),
    ('29', '14'),
    ('48', '15'),
    ('23', '10'),
    ('36', '16'),
    ('13', '17'),
    ('50', '15'),
    ('18', '19'),
    ('7', '7'),
    ('29', '9'),
    ('21', '10'),
    ('16', '15'),
    ('48', '17'),
    ('2', '19'),
    ('7', '10'),
    ('31', '1'),
    ('21', '16'),
    ('2', '15'),
    ('42', '3'),
    ('39', '1'),
    ('39', '14'),
    ('24', '17'),
    ('21', '9'),
    ('38', '11'),
    ('4', '1'),
    ('42', '1'),
    ('32', '17'),
    ('16', '2'),
    ('8', '19'),
    ('23', '7'),
    ('37', '12'),
    ('14', '2'),
    ('24', '20'),
    ('16', '8'),
    ('18', '11'),
    ('50', '18'),
    ('4', '7'),
    ('19', '15'),
    ('47', '18'),
    ('6', '15'),
    ('9', '12'),
    ('31', '17'),
    ('45', '18'),
    ('21', '10'),
    ('30', '10'),
    ('23', '15'),
    ('36', '13'),
    ('30', '17'),
    ('6', '2'),
    ('37', '17'),
    ('33', '17'),
    ('20', '2'),
    ('21', '14'),
    ('39', '10'),
    ('17', '17'),
    ('30', '20'),
    ('26', '1'),
    ('17', '1'),
    ('16', '19'),
    ('33', '12'),
    ('31', '1'),
    ('12', '10'),
    ('6', '14'),
    ('42', '16'),
    ('15', '20'),
    ('25', '12'),
    ('33', '1'),
    ('7', '13'),
    ('14', '8'),
    ('2', '14'),
    ('18', '20'),
    ('18', '20'),
    ('4', '17'),
    ('4', '9'),
    ('37', '14'),
    ('11', '20'),
    ('48', '11'),
    ('3', '16'),
    ('38', '12'),
    ('34', '14'),
    ('16', '19'),
    ('47', '14'),
    ('48', '3'),
    ('49', '12'),
    ('1', '8'),
    ('10', '15'),
    ('37', '1'),
    ('13', '15'),
    ('17', '14'),
    ('45', '19'),
    ('43', '12'),
    ('3', '19'),
    ('13', '2'),
    ('40', '16'),
    ('1', '17'),
    ('14', '10'),
    ('42', '1'),
    ('19', '7'),
    ('32', '1'),
    ('42', '3'),
    ('21', '18'),
    ('7', '1'),
    ('26', '12'),
    ('50', '1'),
    ('34', '20'),
    ('38', '10'),
    ('31', '1'),
    ('44', '17'),
    ('11', '1'),
    ('37', '3'),
    ('5', '19'),
    ('44', '19'),
    ('16', '17'),
    ('24', '1'),
    ('33', '18'),
    ('25', '19'),
    ('35', '3'),
    ('27', '12'),
    ('24', '1'),
    ('3', '20'),
    ('26', '17'),
    ('41', '18'),
    ('26', '15'),
    ('19', '19'),
    ('45', '18'),
    ('5', '1'),
    ('31', '9'),
    ('32', '16'),
    ('40', '13'),
    ('40', '13'),
    ('17', '12'),
    ('11', '14'),
    ('27', '11'),
    ('31', '8'),
    ('48', '20'),
    ('29', '13'),
    ('40', '20'),
    ('40', '3'),
    ('16', '14'),
    ('26', '19'),
    ('5', '14'),
    ('37', '12'),
    ('42', '2'),
    ('30', '1'),
    ('46', '11'),
    ('29', '19'),
    ('23', '9'),
    ('31', '10'),
    ('38', '8'),
    ('49', '16'),
    ('22', '17'),
    ('30', '20'),
    ('43', '2'),
    ('49', '2'),
    ('35', '14'),
    ('26', '9'),
    ('45', '16'),
    ('45', '11'),
    ('38', '3'),
    ('10', '17'),
    ('22', '11'),
    ('23', '14'),
    ('36', '18'),
    ('19', '12'),
    ('3', '3'),
    ('40', '10'),
    ('18', '16'),
    ('31', '19'),
    ('1', '16'),
    ('7', '11'),
    ('2', '16'),
    ('48', '19'),
    ('38', '3'),
    ('27', '2'),
    ('33', '15'),
    ('39', '17'),
    ('35', '3'),
    ('8', '13'),
    ('14', '13'),
    ('13', '10'),
    ('39', '14'),
    ('14', '16'),
    ('24', '12'),
    ('7', '14'),
    ('44', '1'),
    ('14', '20'),
    ('45', '9'),
    ('6', '17'),
    ('12', '20'),
    ('21', '16'),
    ('29', '13'),
    ('14', '10'),
    ('47', '20'),
    ('9', '15'),
    ('22', '12'),
    ('5', '20'),
    ('46', '14'),
    ('4', '15'),
    ('20', '7'),
    ('31', '16'),
    ('36', '20'),
    ('38', '11'),
    ('15', '15'),
    ('32', '12'),
    ('27', '16'),
    ('9', '1'),
    ('6', '14'),
    ('7', '3'),
    ('32', '16'),
    ('31', '8'),
    ('44', '10'),
    ('38', '12'),
    ('23', '2'),
    ('29', '7'),
    ('16', '9'),
    ('33', '8'),
    ('9', '15'),
    ('4', '16'),
    ('15', '13'),
    ('49', '19'),
    ('44', '13'),
    ('19', '9'),
    ('4', '3'),
    ('3', '17'),
    ('23', '11'),
    ('2', '18'),
    ('47', '7'),
    ('46', '3'),
    ('7', '18'),
    ('32', '7'),
    ('45', '17'),
    ('8', '12'),
    ('49', '7'),
    ('28', '13'),
    ('7', '16'),
    ('23', '13'),
    ('49', '14'),
    ('20', '13'),
    ('37', '11'),
    ('16', '8'),
    ('5', '20'),
    ('9', '7'),
    ('10', '2'),
    ('6', '9'),
    ('29', '2'),
    ('39', '13'),
    ('38', '9'),
    ('41', '17'),
    ('18', '10'),
    ('9', '1'),
    ('28', '8'),
    ('14', '11'),
    ('36', '14'),
    ('17', '10'),
    ('35', '13'),
    ('50', '9'),
    ('26', '10'),
    ('1', '20'),
    ('3', '8'),
    ('49', '15'),
    ('45', '1'),
    ('6', '19'),
    ('38', '13'),
    ('41', '8'),
    ('31', '16'),
    ('34', '19'),
    ('40', '2'),
    ('40', '8'),
    ('34', '9'),
    ('49', '12'),
    ('43', '16'),
    ('37', '17'),
    ('49', '12'),
    ('29', '12'),
    ('31', '19'),
    ('38', '7'),
    ('9', '16'),
    ('9', '11'),
    ('46', '3'),
    ('19', '16'),
    ('25', '8'),
    ('28', '10'),
    ('40', '10'),
    ('36', '1'),
    ('23', '11'),
    ('35', '8'),
    ('2', '2'),
    ('30', '1'),
    ('41', '15'),
    ('4', '19'),
    ('37', '18'),
    ('14', '3'),
    ('36', '13'),
    ('37', '20'),
    ('21', '13'),
    ('6', '14'),
    ('46', '1'),
    ('47', '12'),
    ('27', '1'),
    ('48', '16'),
    ('34', '14'),
    ('48', '12'),
    ('31', '7'),
    ('37', '7'),
    ('27', '12'),
    ('29', '7'),
    ('1', '18'),
    ('33', '9'),
    ('23', '9'),
    ('47', '10'),
    ('10', '7'),
    ('27', '11'),
    ('12', '14'),
    ('18', '13'),
    ('31', '11'),
    ('43', '13'),
    ('22', '15'),
    ('18', '12'),
    ('13', '15'),
    ('10', '15'),
    ('31', '20'),
    ('4', '18'),
    ('7', '3'),
    ('49', '3'),
    ('50', '20'),
    ('34', '16'),
    ('7', '20'),
    ('29', '15'),
    ('8', '16'),
    ('49', '19'),
    ('18', '9'),
    ('8', '20'),
    ('1', '16'),
    ('18', '1'),
    ('20', '11'),
    ('37', '14'),
    ('28', '19'),
    ('20', '9'),
    ('19', '15'),
    ('4', '8'),
    ('2', '9'),
    ('5', '8'),
    ('32', '16'),
    ('18', '15'),
    ('29', '13'),
    ('26', '19'),
    ('19', '16'),
    ('23', '14'),
    ('31', '17'),
    ('8', '1'),
    ('31', '2'),
    ('1', '9'),
    ('22', '11'),
    ('34', '3'),
    ('47', '17'),
    ('41', '3'),
    ('13', '14'),
    ('29', '10'),
    ('21', '10'),
    ('8', '1'),
    ('47', '20'),
    ('39', '15'),
    ('13', '18'),
    ('35', '7'),
    ('3', '7'),
    ('32', '13'),
    ('45', '15'),
    ('9', '14'),
    ('45', '9'),
    ('18', '8'),
    ('12', '16'),
    ('22', '17'),
    ('36', '11'),
    ('41', '12'),
    ('11', '19'),
    ('28', '12'),
    ('48', '11'),
    ('42', '13'),
    ('43', '15'),
    ('24', '12'),
    ('36', '2'),
    ('41', '19'),
    ('5', '2'),
    ('11', '15'),
    ('17', '13'),
    ('3', '10'),
    ('36', '10'),
    ('15', '14'),
    ('10', '8'),
    ('23', '16'),
    ('16', '16'),
    ('33', '17'),
    ('27', '15'),
    ('1', '10'),
    ('46', '13'),
    ('36', '13'),
    ('39', '8'),
    ('49', '3'),
    ('43', '16'),
    ('6', '7'),
    ('6', '3'),
    ('2', '14'),
    ('47', '14'),
    ('1', '13'),
    ('21', '16');

CREATE TABLE IF NOT EXISTS Product_1045 (product_key int);
TRUNCATE TABLE Product_1045;
INSERT INTO Product_1045 (product_key)
VALUES 
    ('15'),
    ('1'),
    ('20'),
    ('14'),
    ('18'),
    ('8'),
    ('6'),
    ('13'),
    ('3'),
    ('10'),
    ('16'),
    ('19'),
    ('7'),
    ('17'),
    ('11'),
    ('9'),
    ('4'),
    ('12'),
    ('2'),
    ('5');

TRUNCATE TABLE Product_1045;
INSERT INTO Product_1045 (product_key)
VALUES 
    ('20'),
    ('14'),
    ('13'),
    ('11'),
    ('3'),
    ('12'),
    ('8'),
    ('9'),
    ('16'),
    ('18'),
    ('15'),
    ('7'),
    ('2'),
    ('10'),
    ('1'),
    ('17'),
    ('19');

CREATE TABLE IF NOT EXISTS Employees_1731 (
    employee_id int,
    name VARCHAR,
    reports_to int,
    age int
);
TRUNCATE TABLE Employees_1731;
INSERT INTO Employees_1731 (employee_id, name, reports_to, age)
VALUES
    ('9', 'Hercy', NULL, '43'),
    ('6', 'Alice', '9', '41'),
    ('4', 'Bob', '9', '36'),
    ('2', 'Winston', NULL, '37');


CREATE TABLE IF NOT EXISTS Employee_1789 (
    employee_id int,
    department_id int,
    primary_flag VARCHAR
);
TRUNCATE TABLE Employee_1789;
INSERT INTO Employee_1789 (employee_id, department_id, primary_flag)
VALUES
    ('1', '1', 'N'),
    ('2', '1', 'Y'),
    ('2', '2', 'N'),
    ('3', '3', 'N'),
    ('4', '2', 'N'),
    ('4', '3', 'Y'),
    ('4', '4', 'N');
